group,ingocup,weights,income_perc,median
Hombres abogados,800,110,0,12950
Hombres abogados,900,59,0,12950
Hombres abogados,1000,187,0,12950
Hombres abogados,1300,113,0,12950
Hombres abogados,1600,162,0,12950
Hombres abogados,1720,94,0,12950
Hombres abogados,1800,119,0,12950
Hombres abogados,2000,2630,0.5,12950
Hombres abogados,2150,1336,0.3,12950
Hombres abogados,2250,198,0,12950
Hombres abogados,2500,496,0.1,12950
Hombres abogados,2600,37,0,12950
Hombres abogados,2720,232,0,12950
Hombres abogados,2950,532,0.1,12950
Hombres abogados,3000,3283,0.6,12950
Hombres abogados,3010,1495,0.3,12950
Hombres abogados,3225,78,0,12950
Hombres abogados,3400,106,0,12950
Hombres abogados,3440,606,0.1,12950
Hombres abogados,3500,224,0,12950
Hombres abogados,3600,343,0.1,12950
Hombres abogados,3746,138,0,12950
Hombres abogados,3800,85,0,12950
Hombres abogados,4000,4947,0.9,12950
Hombres abogados,4300,4714,0.9,12950
Hombres abogados,4400,662,0.1,12950
Hombres abogados,4500,915,0.2,12950
Hombres abogados,4600,196,0,12950
Hombres abogados,5000,15550,3,12950
Hombres abogados,5160,224,0,12950
Hombres abogados,5375,96,0,12950
Hombres abogados,5500,365,0.1,12950
Hombres abogados,5600,85,0,12950
Hombres abogados,5650,29,0,12950
Hombres abogados,5800,75,0,12950
Hombres abogados,6000,28615,5.4,12950
Hombres abogados,6223,415,0.1,12950
Hombres abogados,6400,727,0.1,12950
Hombres abogados,6450,5734,1.1,12950
Hombres abogados,6500,164,0,12950
Hombres abogados,6600,78,0,12950
Hombres abogados,6700,817,0.2,12950
Hombres abogados,6800,310,0.1,12950
Hombres abogados,6880,238,0,12950
Hombres abogados,7000,6085,1.2,12950
Hombres abogados,7200,82,0,12950
Hombres abogados,7400,446,0.1,12950
Hombres abogados,7500,80,0,12950
Hombres abogados,7600,770,0.1,12950
Hombres abogados,7740,943,0.2,12950
Hombres abogados,8000,23529,4.5,12950
Hombres abogados,8200,501,0.1,12950
Hombres abogados,8400,544,0.1,12950
Hombres abogados,8500,278,0.1,12950
Hombres abogados,8600,11226,2.1,12950
Hombres abogados,8946,49,0,12950
Hombres abogados,8950,208,0,12950
Hombres abogados,9000,12619,2.4,12950
Hombres abogados,9030,322,0.1,12950
Hombres abogados,9122,1104,0.2,12950
Hombres abogados,9200,633,0.1,12950
Hombres abogados,9400,458,0.1,12950
Hombres abogados,9460,111,0,12950
Hombres abogados,9500,514,0.1,12950
Hombres abogados,9600,831,0.2,12950
Hombres abogados,9690,113,0,12950
Hombres abogados,9700,56,0,12950
Hombres abogados,9800,760,0.1,12950
Hombres abogados,9890,548,0.1,12950
Hombres abogados,10000,61693,11.7,12950
Hombres abogados,10200,162,0,12950
Hombres abogados,10400,287,0.1,12950
Hombres abogados,10500,109,0,12950
Hombres abogados,10600,153,0,12950
Hombres abogados,10750,5633,1.1,12950
Hombres abogados,10800,174,0,12950
Hombres abogados,11000,1030,0.2,12950
Hombres abogados,11200,625,0.1,12950
Hombres abogados,11400,71,0,12950
Hombres abogados,11500,383,0.1,12950
Hombres abogados,11600,85,0,12950
Hombres abogados,11800,537,0.1,12950
Hombres abogados,12000,29071,5.5,12950
Hombres abogados,12200,138,0,12950
Hombres abogados,12400,258,0,12950
Hombres abogados,12500,1503,0.3,12950
Hombres abogados,12600,702,0.1,12950
Hombres abogados,12800,112,0,12950
Hombres abogados,12900,13820,2.6,12950
Hombres abogados,13000,14036,2.7,12950
Hombres abogados,13400,68,0,12950
Hombres abogados,13600,104,0,12950
Hombres abogados,13760,361,0.1,12950
Hombres abogados,13800,199,0,12950
Hombres abogados,14000,18836,3.6,12950
Hombres abogados,14600,21,0,12950
Hombres abogados,14800,402,0.1,12950
Hombres abogados,15000,27764,5.3,12950
Hombres abogados,15050,1364,0.3,12950
Hombres abogados,15700,157,0,12950
Hombres abogados,15800,162,0,12950
Hombres abogados,15910,49,0,12950
Hombres abogados,16000,25207,4.8,12950
Hombres abogados,16140,123,0,12950
Hombres abogados,16340,261,0,12950
Hombres abogados,17000,3306,0.6,12950
Hombres abogados,17200,7750,1.5,12950
Hombres abogados,17800,105,0,12950
Hombres abogados,18000,14003,2.7,12950
Hombres abogados,18400,51,0,12950
Hombres abogados,18500,215,0,12950
Hombres abogados,18800,751,0.1,12950
Hombres abogados,19000,1786,0.3,12950
Hombres abogados,19350,461,0.1,12950
Hombres abogados,19500,130,0,12950
Hombres abogados,19600,607,0.1,12950
Hombres abogados,20000,47399,9,12950
Hombres abogados,20003,48,0,12950
Hombres abogados,20600,74,0,12950
Hombres abogados,21000,1106,0.2,12950
Hombres abogados,21500,6706,1.3,12950
Hombres abogados,22000,4315,0.8,12950
Hombres abogados,23000,1360,0.3,12950
Hombres abogados,23200,320,0.1,12950
Hombres abogados,24000,8805,1.7,12950
Hombres abogados,25000,7115,1.4,12950
Hombres abogados,25800,3482,0.7,12950
Hombres abogados,26000,5662,1.1,12950
Hombres abogados,27000,401,0.1,12950
Hombres abogados,27950,52,0,12950
Hombres abogados,28000,3872,0.7,12950
Hombres abogados,29400,55,0,12950
Hombres abogados,30000,21415,4.1,12950
Hombres abogados,30100,1322,0.3,12950
Hombres abogados,32000,1721,0.3,12950
Hombres abogados,32250,105,0,12950
Hombres abogados,33000,186,0,12950
Hombres abogados,34000,1503,0.3,12950
Hombres abogados,34400,1812,0.3,12950
Hombres abogados,35000,1063,0.2,12950
Hombres abogados,36000,486,0.1,12950
Hombres abogados,36550,207,0,12950
Hombres abogados,38000,503,0.1,12950
Hombres abogados,38700,807,0.2,12950
Hombres abogados,40000,12005,2.3,12950
Hombres abogados,43000,1514,0.3,12950
Hombres abogados,44000,1295,0.2,12950
Hombres abogados,45000,249,0,12950
Hombres abogados,46000,80,0,12950
Hombres abogados,50000,5115,1,12950
Hombres abogados,56000,1216,0.2,12950
Hombres abogados,60000,2546,0.5,12950
Hombres abogados,64500,253,0,12950
Hombres abogados,70000,892,0.2,12950
Hombres abogados,80000,2992,0.6,12950
Hombres abogados,96000,41,0,12950
Hombres abogados,100000,863,0.2,12950
Hombres abogados,110000,109,0,12950
Hombres abogados,152000,129,0,12950
Mujeres abogadas,500,247,0.1,11900
Mujeres abogadas,700,413,0.1,11900
Mujeres abogadas,800,66,0,11900
Mujeres abogadas,1000,905,0.3,11900
Mujeres abogadas,1200,434,0.1,11900
Mujeres abogadas,1400,63,0,11900
Mujeres abogadas,1500,1451,0.4,11900
Mujeres abogadas,1720,121,0,11900
Mujeres abogadas,1960,942,0.3,11900
Mujeres abogadas,2000,850,0.2,11900
Mujeres abogadas,2150,1248,0.3,11900
Mujeres abogadas,2250,198,0.1,11900
Mujeres abogadas,2400,382,0.1,11900
Mujeres abogadas,2500,477,0.1,11900
Mujeres abogadas,2580,365,0.1,11900
Mujeres abogadas,2600,103,0,11900
Mujeres abogadas,3000,5928,1.7,11900
Mujeres abogadas,3600,333,0.1,11900
Mujeres abogadas,3750,56,0,11900
Mujeres abogadas,3800,155,0,11900
Mujeres abogadas,3870,54,0,11900
Mujeres abogadas,4000,6154,1.7,11900
Mujeres abogadas,4200,185,0.1,11900
Mujeres abogadas,4300,1693,0.5,11900
Mujeres abogadas,4307,602,0.2,11900
Mujeres abogadas,4400,219,0.1,11900
Mujeres abogadas,4490,50,0,11900
Mujeres abogadas,4500,68,0,11900
Mujeres abogadas,4700,116,0,11900
Mujeres abogadas,5000,10628,3,11900
Mujeres abogadas,5160,258,0.1,11900
Mujeres abogadas,5200,401,0.1,11900
Mujeres abogadas,5300,66,0,11900
Mujeres abogadas,5400,66,0,11900
Mujeres abogadas,5590,861,0.2,11900
Mujeres abogadas,5600,294,0.1,11900
Mujeres abogadas,5800,167,0,11900
Mujeres abogadas,6000,13312,3.7,11900
Mujeres abogadas,6020,134,0,11900
Mujeres abogadas,6400,494,0.1,11900
Mujeres abogadas,6450,1841,0.5,11900
Mujeres abogadas,6500,150,0,11900
Mujeres abogadas,6600,399,0.1,11900
Mujeres abogadas,6667,142,0,11900
Mujeres abogadas,6700,276,0.1,11900
Mujeres abogadas,6880,278,0.1,11900
Mujeres abogadas,7000,15196,4.3,11900
Mujeres abogadas,7310,414,0.1,11900
Mujeres abogadas,7600,2029,0.6,11900
Mujeres abogadas,7740,1456,0.4,11900
Mujeres abogadas,8000,19401,5.4,11900
Mujeres abogadas,8200,296,0.1,11900
Mujeres abogadas,8400,1898,0.5,11900
Mujeres abogadas,8449,204,0.1,11900
Mujeres abogadas,8560,92,0,11900
Mujeres abogadas,8600,7189,2,11900
Mujeres abogadas,8800,145,0,11900
Mujeres abogadas,9000,5466,1.5,11900
Mujeres abogadas,9400,144,0,11900
Mujeres abogadas,9460,426,0.1,11900
Mujeres abogadas,9500,34,0,11900
Mujeres abogadas,9600,1340,0.4,11900
Mujeres abogadas,9800,82,0,11900
Mujeres abogadas,10000,34168,9.6,11900
Mujeres abogadas,10200,52,0,11900
Mujeres abogadas,10400,366,0.1,11900
Mujeres abogadas,10500,142,0,11900
Mujeres abogadas,10600,219,0.1,11900
Mujeres abogadas,10750,2314,0.6,11900
Mujeres abogadas,10800,53,0,11900
Mujeres abogadas,10900,828,0.2,11900
Mujeres abogadas,11000,3626,1,11900
Mujeres abogadas,11200,24,0,11900
Mujeres abogadas,11250,196,0.1,11900
Mujeres abogadas,11500,147,0,11900
Mujeres abogadas,11600,145,0,11900
Mujeres abogadas,11800,659,0.2,11900
Mujeres abogadas,12000,32193,9,11900
Mujeres abogadas,12040,614,0.2,11900
Mujeres abogadas,12300,737,0.2,11900
Mujeres abogadas,12400,740,0.2,11900
Mujeres abogadas,12600,356,0.1,11900
Mujeres abogadas,12800,850,0.2,11900
Mujeres abogadas,12900,6122,1.7,11900
Mujeres abogadas,13000,3395,1,11900
Mujeres abogadas,13400,155,0,11900
Mujeres abogadas,13600,420,0.1,11900
Mujeres abogadas,13800,42,0,11900
Mujeres abogadas,13975,320,0.1,11900
Mujeres abogadas,14000,19297,5.4,11900
Mujeres abogadas,14800,402,0.1,11900
Mujeres abogadas,15000,12582,3.5,11900
Mujeres abogadas,15050,316,0.1,11900
Mujeres abogadas,15400,53,0,11900
Mujeres abogadas,15600,552,0.2,11900
Mujeres abogadas,16000,17474,4.9,11900
Mujeres abogadas,16140,123,0,11900
Mujeres abogadas,16400,66,0,11900
Mujeres abogadas,17000,1882,0.5,11900
Mujeres abogadas,17200,2943,0.8,11900
Mujeres abogadas,17300,157,0,11900
Mujeres abogadas,18000,7470,2.1,11900
Mujeres abogadas,18200,153,0,11900
Mujeres abogadas,18800,231,0.1,11900
Mujeres abogadas,19000,932,0.3,11900
Mujeres abogadas,19200,506,0.1,11900
Mujeres abogadas,19350,337,0.1,11900
Mujeres abogadas,19460,250,0.1,11900
Mujeres abogadas,19500,164,0,11900
Mujeres abogadas,19600,135,0,11900
Mujeres abogadas,20000,30948,8.7,11900
Mujeres abogadas,20400,191,0.1,11900
Mujeres abogadas,20500,86,0,11900
Mujeres abogadas,21000,508,0.1,11900
Mujeres abogadas,21120,69,0,11900
Mujeres abogadas,21500,1719,0.5,11900
Mujeres abogadas,22000,4507,1.3,11900
Mujeres abogadas,23000,72,0,11900
Mujeres abogadas,23650,122,0,11900
Mujeres abogadas,24000,7398,2.1,11900
Mujeres abogadas,25000,4205,1.2,11900
Mujeres abogadas,25800,2285,0.6,11900
Mujeres abogadas,26000,5304,1.5,11900
Mujeres abogadas,27000,306,0.1,11900
Mujeres abogadas,27950,248,0.1,11900
Mujeres abogadas,28000,3725,1,11900
Mujeres abogadas,29000,47,0,11900
Mujeres abogadas,30000,10152,2.8,11900
Mujeres abogadas,30100,2020,0.6,11900
Mujeres abogadas,30900,120,0,11900
Mujeres abogadas,31800,60,0,11900
Mujeres abogadas,32000,701,0.2,11900
Mujeres abogadas,34000,702,0.2,11900
Mujeres abogadas,34400,347,0.1,11900
Mujeres abogadas,35000,1121,0.3,11900
Mujeres abogadas,36000,581,0.2,11900
Mujeres abogadas,38000,42,0,11900
Mujeres abogadas,40000,5032,1.4,11900
Mujeres abogadas,40850,367,0.1,11900
Mujeres abogadas,43000,502,0.1,11900
Mujeres abogadas,44000,21,0,11900
Mujeres abogadas,46000,1501,0.4,11900
Mujeres abogadas,48000,361,0.1,11900
Mujeres abogadas,50000,1162,0.3,11900
Mujeres abogadas,52000,1353,0.4,11900
Mujeres abogadas,56000,100,0,11900
Mujeres abogadas,58000,74,0,11900
Mujeres abogadas,60000,1887,0.5,11900
Mujeres abogadas,62000,102,0,11900
Mujeres abogadas,63000,257,0.1,11900
Mujeres abogadas,65000,161,0,11900
Mujeres abogadas,70000,222,0.1,11900
Mujeres abogadas,80000,1484,0.4,11900
Mujeres abogadas,92000,41,0,11900
Mujeres abogadas,100000,385,0.1,11900
Mujeres abogadas,129000,99,0,11900
Mujeres no abogadas,33,95,0,8586
Mujeres no abogadas,100,92,0,8586
Mujeres no abogadas,120,52,0,8586
Mujeres no abogadas,125,62,0,8586
Mujeres no abogadas,129,84,0,8586
Mujeres no abogadas,150,2353,0,8586
Mujeres no abogadas,152,620,0,8586
Mujeres no abogadas,160,1331,0,8586
Mujeres no abogadas,200,4509,0,8586
Mujeres no abogadas,215,431,0,8586
Mujeres no abogadas,238,117,0,8586
Mujeres no abogadas,240,601,0,8586
Mujeres no abogadas,250,501,0,8586
Mujeres no abogadas,255,1161,0,8586
Mujeres no abogadas,258,88,0,8586
Mujeres no abogadas,270,884,0,8586
Mujeres no abogadas,290,99,0,8586
Mujeres no abogadas,300,10023,0.1,8586
Mujeres no abogadas,301,53,0,8586
Mujeres no abogadas,326,112,0,8586
Mujeres no abogadas,340,607,0,8586
Mujeres no abogadas,344,441,0,8586
Mujeres no abogadas,350,1774,0,8586
Mujeres no abogadas,360,98,0,8586
Mujeres no abogadas,387,404,0,8586
Mujeres no abogadas,400,11481,0.1,8586
Mujeres no abogadas,409,214,0,8586
Mujeres no abogadas,415,436,0,8586
Mujeres no abogadas,430,10786,0.1,8586
Mujeres no abogadas,450,713,0,8586
Mujeres no abogadas,480,36,0,8586
Mujeres no abogadas,489,126,0,8586
Mujeres no abogadas,500,16397,0.1,8586
Mujeres no abogadas,516,752,0,8586
Mujeres no abogadas,559,229,0,8586
Mujeres no abogadas,581,95,0,8586
Mujeres no abogadas,600,18200,0.1,8586
Mujeres no abogadas,602,828,0,8586
Mujeres no abogadas,625,2094,0,8586
Mujeres no abogadas,645,11341,0.1,8586
Mujeres no abogadas,660,829,0,8586
Mujeres no abogadas,688,2421,0,8586
Mujeres no abogadas,700,4090,0,8586
Mujeres no abogadas,731,688,0,8586
Mujeres no abogadas,750,269,0,8586
Mujeres no abogadas,752,1011,0,8586
Mujeres no abogadas,770,181,0,8586
Mujeres no abogadas,774,130,0,8586
Mujeres no abogadas,800,17544,0.1,8586
Mujeres no abogadas,860,46242,0.3,8586
Mujeres no abogadas,900,4808,0,8586
Mujeres no abogadas,946,486,0,8586
Mujeres no abogadas,950,96,0,8586
Mujeres no abogadas,980,52,0,8586
Mujeres no abogadas,989,203,0,8586
Mujeres no abogadas,1000,57891,0.4,8586
Mujeres no abogadas,1004,88,0,8586
Mujeres no abogadas,1032,5143,0,8586
Mujeres no abogadas,1050,46,0,8586
Mujeres no abogadas,1070,129,0,8586
Mujeres no abogadas,1075,16543,0.1,8586
Mujeres no abogadas,1100,1144,0,8586
Mujeres no abogadas,1118,539,0,8586
Mujeres no abogadas,1135,315,0,8586
Mujeres no abogadas,1150,72,0,8586
Mujeres no abogadas,1161,110,0,8586
Mujeres no abogadas,1175,103,0,8586
Mujeres no abogadas,1200,23432,0.1,8586
Mujeres no abogadas,1204,991,0,8586
Mujeres no abogadas,1225,472,0,8586
Mujeres no abogadas,1230,1052,0,8586
Mujeres no abogadas,1247,242,0,8586
Mujeres no abogadas,1250,2046,0,8586
Mujeres no abogadas,1280,91,0,8586
Mujeres no abogadas,1290,72535,0.5,8586
Mujeres no abogadas,1298,229,0,8586
Mujeres no abogadas,1299,35,0,8586
Mujeres no abogadas,1300,1808,0,8586
Mujeres no abogadas,1320,191,0,8586
Mujeres no abogadas,1333,36,0,8586
Mujeres no abogadas,1360,44,0,8586
Mujeres no abogadas,1372,114,0,8586
Mujeres no abogadas,1376,2327,0,8586
Mujeres no abogadas,1400,7104,0,8586
Mujeres no abogadas,1440,26,0,8586
Mujeres no abogadas,1450,973,0,8586
Mujeres no abogadas,1462,109,0,8586
Mujeres no abogadas,1500,34382,0.2,8586
Mujeres no abogadas,1505,13236,0.1,8586
Mujeres no abogadas,1548,3155,0,8586
Mujeres no abogadas,1560,42,0,8586
Mujeres no abogadas,1600,11112,0.1,8586
Mujeres no abogadas,1634,838,0,8586
Mujeres no abogadas,1667,347,0,8586
Mujeres no abogadas,1677,540,0,8586
Mujeres no abogadas,1700,2157,0,8586
Mujeres no abogadas,1710,135,0,8586
Mujeres no abogadas,1720,75704,0.5,8586
Mujeres no abogadas,1735,184,0,8586
Mujeres no abogadas,1737,246,0,8586
Mujeres no abogadas,1740,61,0,8586
Mujeres no abogadas,1750,622,0,8586
Mujeres no abogadas,1782,199,0,8586
Mujeres no abogadas,1800,14393,0.1,8586
Mujeres no abogadas,1806,5035,0,8586
Mujeres no abogadas,1829,145,0,8586
Mujeres no abogadas,1849,745,0,8586
Mujeres no abogadas,1860,46,0,8586
Mujeres no abogadas,1870,46,0,8586
Mujeres no abogadas,1880,93,0,8586
Mujeres no abogadas,1892,86,0,8586
Mujeres no abogadas,1900,2855,0,8586
Mujeres no abogadas,1935,17223,0.1,8586
Mujeres no abogadas,1940,1410,0,8586
Mujeres no abogadas,1962,577,0,8586
Mujeres no abogadas,1965,36,0,8586
Mujeres no abogadas,1978,261,0,8586
Mujeres no abogadas,1999,61,0,8586
Mujeres no abogadas,2000,98744,0.6,8586
Mujeres no abogadas,2028,88,0,8586
Mujeres no abogadas,2064,4487,0,8586
Mujeres no abogadas,2078,110,0,8586
Mujeres no abogadas,2083,491,0,8586
Mujeres no abogadas,2098,1294,0,8586
Mujeres no abogadas,2100,3186,0,8586
Mujeres no abogadas,2140,103,0,8586
Mujeres no abogadas,2150,173540,1.1,8586
Mujeres no abogadas,2193,248,0,8586
Mujeres no abogadas,2200,10929,0.1,8586
Mujeres no abogadas,2221,107,0,8586
Mujeres no abogadas,2225,165,0,8586
Mujeres no abogadas,2250,491,0,8586
Mujeres no abogadas,2254,124,0,8586
Mujeres no abogadas,2270,281,0,8586
Mujeres no abogadas,2300,610,0,8586
Mujeres no abogadas,2322,2761,0,8586
Mujeres no abogadas,2365,4190,0,8586
Mujeres no abogadas,2395,399,0,8586
Mujeres no abogadas,2400,31803,0.2,8586
Mujeres no abogadas,2408,1565,0,8586
Mujeres no abogadas,2451,155,0,8586
Mujeres no abogadas,2469,872,0,8586
Mujeres no abogadas,2500,19472,0.1,8586
Mujeres no abogadas,2550,1104,0,8586
Mujeres no abogadas,2560,423,0,8586
Mujeres no abogadas,2580,151241,0.9,8586
Mujeres no abogadas,2600,11658,0.1,8586
Mujeres no abogadas,2639,100,0,8586
Mujeres no abogadas,2647,167,0,8586
Mujeres no abogadas,2650,76,0,8586
Mujeres no abogadas,2660,137,0,8586
Mujeres no abogadas,2666,261,0,8586
Mujeres no abogadas,2686,2424,0,8586
Mujeres no abogadas,2700,5567,0,8586
Mujeres no abogadas,2709,221,0,8586
Mujeres no abogadas,2752,100,0,8586
Mujeres no abogadas,2795,6983,0,8586
Mujeres no abogadas,2800,15845,0.1,8586
Mujeres no abogadas,2821,97,0,8586
Mujeres no abogadas,2859,22,0,8586
Mujeres no abogadas,2870,36,0,8586
Mujeres no abogadas,2900,464,0,8586
Mujeres no abogadas,2902,294,0,8586
Mujeres no abogadas,2903,341,0,8586
Mujeres no abogadas,2924,2232,0,8586
Mujeres no abogadas,2950,803,0,8586
Mujeres no abogadas,2967,318,0,8586
Mujeres no abogadas,3000,188182,1.2,8586
Mujeres no abogadas,3010,84993,0.5,8586
Mujeres no abogadas,3040,205,0,8586
Mujeres no abogadas,3050,313,0,8586
Mujeres no abogadas,3080,216,0,8586
Mujeres no abogadas,3096,6834,0,8586
Mujeres no abogadas,3100,945,0,8586
Mujeres no abogadas,3122,99,0,8586
Mujeres no abogadas,3140,1100,0,8586
Mujeres no abogadas,3156,129,0,8586
Mujeres no abogadas,3161,147,0,8586
Mujeres no abogadas,3182,122,0,8586
Mujeres no abogadas,3200,23809,0.1,8586
Mujeres no abogadas,3220,777,0,8586
Mujeres no abogadas,3225,37983,0.2,8586
Mujeres no abogadas,3268,105,0,8586
Mujeres no abogadas,3290,170,0,8586
Mujeres no abogadas,3300,421,0,8586
Mujeres no abogadas,3333,1929,0,8586
Mujeres no abogadas,3340,33,0,8586
Mujeres no abogadas,3350,129,0,8586
Mujeres no abogadas,3354,1081,0,8586
Mujeres no abogadas,3375,21,0,8586
Mujeres no abogadas,3400,16914,0.1,8586
Mujeres no abogadas,3420,121,0,8586
Mujeres no abogadas,3436,476,0,8586
Mujeres no abogadas,3440,152128,1,8586
Mujeres no abogadas,3488,541,0,8586
Mujeres no abogadas,3500,21006,0.1,8586
Mujeres no abogadas,3520,426,0,8586
Mujeres no abogadas,3526,26,0,8586
Mujeres no abogadas,3547,194,0,8586
Mujeres no abogadas,3560,33,0,8586
Mujeres no abogadas,3569,94,0,8586
Mujeres no abogadas,3590,127,0,8586
Mujeres no abogadas,3600,69864,0.4,8586
Mujeres no abogadas,3612,1944,0,8586
Mujeres no abogadas,3655,4268,0,8586
Mujeres no abogadas,3660,420,0,8586
Mujeres no abogadas,3667,104,0,8586
Mujeres no abogadas,3686,247,0,8586
Mujeres no abogadas,3700,6346,0,8586
Mujeres no abogadas,3720,271,0,8586
Mujeres no abogadas,3740,1209,0,8586
Mujeres no abogadas,3745,4433,0,8586
Mujeres no abogadas,3746,763,0,8586
Mujeres no abogadas,3748,1598,0,8586
Mujeres no abogadas,3749,65,0,8586
Mujeres no abogadas,3750,1528,0,8586
Mujeres no abogadas,3760,1443,0,8586
Mujeres no abogadas,3762,438,0,8586
Mujeres no abogadas,3784,953,0,8586
Mujeres no abogadas,3800,11391,0.1,8586
Mujeres no abogadas,3809,41,0,8586
Mujeres no abogadas,3810,89,0,8586
Mujeres no abogadas,3840,2583,0,8586
Mujeres no abogadas,3860,111,0,8586
Mujeres no abogadas,3870,93757,0.6,8586
Mujeres no abogadas,3880,264,0,8586
Mujeres no abogadas,3897,26,0,8586
Mujeres no abogadas,3900,438,0,8586
Mujeres no abogadas,3913,141,0,8586
Mujeres no abogadas,3950,136,0,8586
Mujeres no abogadas,3956,91,0,8586
Mujeres no abogadas,3978,156,0,8586
Mujeres no abogadas,4000,274929,1.7,8586
Mujeres no abogadas,4060,50,0,8586
Mujeres no abogadas,4080,246,0,8586
Mujeres no abogadas,4085,5773,0,8586
Mujeres no abogadas,4100,935,0,8586
Mujeres no abogadas,4128,1546,0,8586
Mujeres no abogadas,4162,115,0,8586
Mujeres no abogadas,4166,184,0,8586
Mujeres no abogadas,4167,24,0,8586
Mujeres no abogadas,4171,682,0,8586
Mujeres no abogadas,4200,25805,0.2,8586
Mujeres no abogadas,4210,356,0,8586
Mujeres no abogadas,4212,229,0,8586
Mujeres no abogadas,4214,3445,0,8586
Mujeres no abogadas,4300,432341,2.7,8586
Mujeres no abogadas,4306,74,0,8586
Mujeres no abogadas,4307,4889,0,8586
Mujeres no abogadas,4308,464,0,8586
Mujeres no abogadas,4310,657,0,8586
Mujeres no abogadas,4316,115,0,8586
Mujeres no abogadas,4325,73,0,8586
Mujeres no abogadas,4334,512,0,8586
Mujeres no abogadas,4342,185,0,8586
Mujeres no abogadas,4350,102,0,8586
Mujeres no abogadas,4370,370,0,8586
Mujeres no abogadas,4386,607,0,8586
Mujeres no abogadas,4400,32128,0.2,8586
Mujeres no abogadas,4401,259,0,8586
Mujeres no abogadas,4408,176,0,8586
Mujeres no abogadas,4429,282,0,8586
Mujeres no abogadas,4446,56,0,8586
Mujeres no abogadas,4470,85,0,8586
Mujeres no abogadas,4490,72,0,8586
Mujeres no abogadas,4500,24782,0.2,8586
Mujeres no abogadas,4515,9687,0.1,8586
Mujeres no abogadas,4526,74,0,8586
Mujeres no abogadas,4590,262,0,8586
Mujeres no abogadas,4600,40536,0.3,8586
Mujeres no abogadas,4601,1211,0,8586
Mujeres no abogadas,4644,7197,0,8586
Mujeres no abogadas,4669,144,0,8586
Mujeres no abogadas,4700,1679,0,8586
Mujeres no abogadas,4710,41,0,8586
Mujeres no abogadas,4730,44043,0.3,8586
Mujeres no abogadas,4750,50,0,8586
Mujeres no abogadas,4758,481,0,8586
Mujeres no abogadas,4773,519,0,8586
Mujeres no abogadas,4777,958,0,8586
Mujeres no abogadas,4794,108,0,8586
Mujeres no abogadas,4800,33080,0.2,8586
Mujeres no abogadas,4816,552,0,8586
Mujeres no abogadas,4837,121,0,8586
Mujeres no abogadas,4900,1090,0,8586
Mujeres no abogadas,4945,2252,0,8586
Mujeres no abogadas,4964,77,0,8586
Mujeres no abogadas,4970,291,0,8586
Mujeres no abogadas,4971,968,0,8586
Mujeres no abogadas,5000,371289,2.3,8586
Mujeres no abogadas,5031,247,0,8586
Mujeres no abogadas,5040,52,0,8586
Mujeres no abogadas,5074,1276,0,8586
Mujeres no abogadas,5082,115,0,8586
Mujeres no abogadas,5096,51,0,8586
Mujeres no abogadas,5100,1157,0,8586
Mujeres no abogadas,5151,233,0,8586
Mujeres no abogadas,5160,306577,1.9,8586
Mujeres no abogadas,5180,368,0,8586
Mujeres no abogadas,5182,349,0,8586
Mujeres no abogadas,5186,382,0,8586
Mujeres no abogadas,5190,25,0,8586
Mujeres no abogadas,5200,36781,0.2,8586
Mujeres no abogadas,5212,616,0,8586
Mujeres no abogadas,5223,126,0,8586
Mujeres no abogadas,5246,100,0,8586
Mujeres no abogadas,5250,941,0,8586
Mujeres no abogadas,5255,12033,0.1,8586
Mujeres no abogadas,5267,115,0,8586
Mujeres no abogadas,5289,461,0,8586
Mujeres no abogadas,5300,1139,0,8586
Mujeres no abogadas,5330,71,0,8586
Mujeres no abogadas,5332,104,0,8586
Mujeres no abogadas,5356,189,0,8586
Mujeres no abogadas,5357,59,0,8586
Mujeres no abogadas,5360,160,0,8586
Mujeres no abogadas,5370,32,0,8586
Mujeres no abogadas,5375,23268,0.1,8586
Mujeres no abogadas,5384,64,0,8586
Mujeres no abogadas,5400,27163,0.2,8586
Mujeres no abogadas,5410,116,0,8586
Mujeres no abogadas,5418,1943,0,8586
Mujeres no abogadas,5422,741,0,8586
Mujeres no abogadas,5440,123,0,8586
Mujeres no abogadas,5443,111,0,8586
Mujeres no abogadas,5460,540,0,8586
Mujeres no abogadas,5482,109,0,8586
Mujeres no abogadas,5483,107,0,8586
Mujeres no abogadas,5500,23173,0.1,8586
Mujeres no abogadas,5504,973,0,8586
Mujeres no abogadas,5526,279,0,8586
Mujeres no abogadas,5547,300,0,8586
Mujeres no abogadas,5569,101,0,8586
Mujeres no abogadas,5580,41,0,8586
Mujeres no abogadas,5590,94993,0.6,8586
Mujeres no abogadas,5600,86825,0.5,8586
Mujeres no abogadas,5637,188,0,8586
Mujeres no abogadas,5645,892,0,8586
Mujeres no abogadas,5675,80,0,8586
Mujeres no abogadas,5676,212,0,8586
Mujeres no abogadas,5680,121,0,8586
Mujeres no abogadas,5690,427,0,8586
Mujeres no abogadas,5700,1301,0,8586
Mujeres no abogadas,5719,216,0,8586
Mujeres no abogadas,5733,69,0,8586
Mujeres no abogadas,5736,102,0,8586
Mujeres no abogadas,5762,541,0,8586
Mujeres no abogadas,5780,312,0,8586
Mujeres no abogadas,5784,316,0,8586
Mujeres no abogadas,5790,580,0,8586
Mujeres no abogadas,5800,15860,0.1,8586
Mujeres no abogadas,5805,7251,0,8586
Mujeres no abogadas,5830,32,0,8586
Mujeres no abogadas,5890,241,0,8586
Mujeres no abogadas,5891,568,0,8586
Mujeres no abogadas,5897,733,0,8586
Mujeres no abogadas,5900,1224,0,8586
Mujeres no abogadas,5913,119,0,8586
Mujeres no abogadas,5926,97,0,8586
Mujeres no abogadas,5934,120,0,8586
Mujeres no abogadas,5956,230,0,8586
Mujeres no abogadas,5960,839,0,8586
Mujeres no abogadas,5970,673,0,8586
Mujeres no abogadas,5977,243,0,8586
Mujeres no abogadas,5992,46,0,8586
Mujeres no abogadas,5999,175,0,8586
Mujeres no abogadas,6000,742677,4.7,8586
Mujeres no abogadas,6020,80604,0.5,8586
Mujeres no abogadas,6022,241,0,8586
Mujeres no abogadas,6040,155,0,8586
Mujeres no abogadas,6060,62,0,8586
Mujeres no abogadas,6063,348,0,8586
Mujeres no abogadas,6070,157,0,8586
Mujeres no abogadas,6080,4149,0,8586
Mujeres no abogadas,6094,38,0,8586
Mujeres no abogadas,6100,1041,0,8586
Mujeres no abogadas,6106,291,0,8586
Mujeres no abogadas,6124,70,0,8586
Mujeres no abogadas,6127,57,0,8586
Mujeres no abogadas,6130,37,0,8586
Mujeres no abogadas,6140,84,0,8586
Mujeres no abogadas,6143,432,0,8586
Mujeres no abogadas,6149,297,0,8586
Mujeres no abogadas,6150,65,0,8586
Mujeres no abogadas,6192,375,0,8586
Mujeres no abogadas,6200,17252,0.1,8586
Mujeres no abogadas,6209,69,0,8586
Mujeres no abogadas,6222,105,0,8586
Mujeres no abogadas,6223,2099,0,8586
Mujeres no abogadas,6235,4457,0,8586
Mujeres no abogadas,6244,323,0,8586
Mujeres no abogadas,6250,111,0,8586
Mujeres no abogadas,6278,244,0,8586
Mujeres no abogadas,6300,3030,0,8586
Mujeres no abogadas,6310,188,0,8586
Mujeres no abogadas,6321,608,0,8586
Mujeres no abogadas,6360,145,0,8586
Mujeres no abogadas,6364,1006,0,8586
Mujeres no abogadas,6372,78,0,8586
Mujeres no abogadas,6398,210,0,8586
Mujeres no abogadas,6400,72927,0.5,8586
Mujeres no abogadas,6420,1121,0,8586
Mujeres no abogadas,6428,123,0,8586
Mujeres no abogadas,6429,582,0,8586
Mujeres no abogadas,6430,96,0,8586
Mujeres no abogadas,6440,842,0,8586
Mujeres no abogadas,6441,495,0,8586
Mujeres no abogadas,6444,305,0,8586
Mujeres no abogadas,6450,421383,2.6,8586
Mujeres no abogadas,6454,58,0,8586
Mujeres no abogadas,6458,350,0,8586
Mujeres no abogadas,6460,63,0,8586
Mujeres no abogadas,6480,170,0,8586
Mujeres no abogadas,6490,262,0,8586
Mujeres no abogadas,6493,133,0,8586
Mujeres no abogadas,6495,156,0,8586
Mujeres no abogadas,6500,12698,0.1,8586
Mujeres no abogadas,6503,251,0,8586
Mujeres no abogadas,6536,182,0,8586
Mujeres no abogadas,6540,360,0,8586
Mujeres no abogadas,6550,301,0,8586
Mujeres no abogadas,6560,42,0,8586
Mujeres no abogadas,6580,111,0,8586
Mujeres no abogadas,6600,20294,0.1,8586
Mujeres no abogadas,6605,96,0,8586
Mujeres no abogadas,6620,524,0,8586
Mujeres no abogadas,6622,325,0,8586
Mujeres no abogadas,6660,530,0,8586
Mujeres no abogadas,6665,1921,0,8586
Mujeres no abogadas,6667,449,0,8586
Mujeres no abogadas,6680,379,0,8586
Mujeres no abogadas,6700,859,0,8586
Mujeres no abogadas,6708,1706,0,8586
Mujeres no abogadas,6720,589,0,8586
Mujeres no abogadas,6730,226,0,8586
Mujeres no abogadas,6740,320,0,8586
Mujeres no abogadas,6750,246,0,8586
Mujeres no abogadas,6751,244,0,8586
Mujeres no abogadas,6772,60,0,8586
Mujeres no abogadas,6773,209,0,8586
Mujeres no abogadas,6794,126,0,8586
Mujeres no abogadas,6800,25480,0.2,8586
Mujeres no abogadas,6812,145,0,8586
Mujeres no abogadas,6816,206,0,8586
Mujeres no abogadas,6819,452,0,8586
Mujeres no abogadas,6820,616,0,8586
Mujeres no abogadas,6837,370,0,8586
Mujeres no abogadas,6867,110,0,8586
Mujeres no abogadas,6870,198,0,8586
Mujeres no abogadas,6880,103627,0.6,8586
Mujeres no abogadas,6900,1338,0,8586
Mujeres no abogadas,6914,145,0,8586
Mujeres no abogadas,6926,132,0,8586
Mujeres no abogadas,6943,145,0,8586
Mujeres no abogadas,6950,540,0,8586
Mujeres no abogadas,6960,83,0,8586
Mujeres no abogadas,6966,341,0,8586
Mujeres no abogadas,7000,475730,3,8586
Mujeres no abogadas,7009,187,0,8586
Mujeres no abogadas,7020,119,0,8586
Mujeres no abogadas,7036,583,0,8586
Mujeres no abogadas,7069,223,0,8586
Mujeres no abogadas,7095,4870,0,8586
Mujeres no abogadas,7100,1094,0,8586
Mujeres no abogadas,7130,296,0,8586
Mujeres no abogadas,7150,233,0,8586
Mujeres no abogadas,7160,612,0,8586
Mujeres no abogadas,7165,57,0,8586
Mujeres no abogadas,7167,48,0,8586
Mujeres no abogadas,7181,124,0,8586
Mujeres no abogadas,7200,46222,0.3,8586
Mujeres no abogadas,7203,572,0,8586
Mujeres no abogadas,7210,102,0,8586
Mujeres no abogadas,7224,574,0,8586
Mujeres no abogadas,7250,58,0,8586
Mujeres no abogadas,7267,163,0,8586
Mujeres no abogadas,7280,183,0,8586
Mujeres no abogadas,7286,297,0,8586
Mujeres no abogadas,7289,341,0,8586
Mujeres no abogadas,7290,654,0,8586
Mujeres no abogadas,7300,1250,0,8586
Mujeres no abogadas,7310,46895,0.3,8586
Mujeres no abogadas,7388,36,0,8586
Mujeres no abogadas,7396,580,0,8586
Mujeres no abogadas,7400,35910,0.2,8586
Mujeres no abogadas,7430,149,0,8586
Mujeres no abogadas,7439,695,0,8586
Mujeres no abogadas,7440,180,0,8586
Mujeres no abogadas,7450,700,0,8586
Mujeres no abogadas,7460,450,0,8586
Mujeres no abogadas,7482,948,0,8586
Mujeres no abogadas,7490,240,0,8586
Mujeres no abogadas,7500,31951,0.2,8586
Mujeres no abogadas,7510,182,0,8586
Mujeres no abogadas,7525,10173,0.1,8586
Mujeres no abogadas,7600,130338,0.8,8586
Mujeres no abogadas,7611,234,0,8586
Mujeres no abogadas,7630,167,0,8586
Mujeres no abogadas,7633,135,0,8586
Mujeres no abogadas,7654,179,0,8586
Mujeres no abogadas,7680,571,0,8586
Mujeres no abogadas,7693,110,0,8586
Mujeres no abogadas,7697,458,0,8586
Mujeres no abogadas,7700,203,0,8586
Mujeres no abogadas,7710,179,0,8586
Mujeres no abogadas,7714,172,0,8586
Mujeres no abogadas,7719,307,0,8586
Mujeres no abogadas,7740,178080,1.1,8586
Mujeres no abogadas,7750,1021,0,8586
Mujeres no abogadas,7757,291,0,8586
Mujeres no abogadas,7760,99,0,8586
Mujeres no abogadas,7780,82,0,8586
Mujeres no abogadas,7790,474,0,8586
Mujeres no abogadas,7800,38764,0.2,8586
Mujeres no abogadas,7817,530,0,8586
Mujeres no abogadas,7826,118,0,8586
Mujeres no abogadas,7840,422,0,8586
Mujeres no abogadas,7843,728,0,8586
Mujeres no abogadas,7848,279,0,8586
Mujeres no abogadas,7852,271,0,8586
Mujeres no abogadas,7865,80,0,8586
Mujeres no abogadas,7869,353,0,8586
Mujeres no abogadas,7876,104,0,8586
Mujeres no abogadas,7880,506,0,8586
Mujeres no abogadas,7891,112,0,8586
Mujeres no abogadas,7900,648,0,8586
Mujeres no abogadas,7920,217,0,8586
Mujeres no abogadas,7928,91,0,8586
Mujeres no abogadas,7940,283,0,8586
Mujeres no abogadas,7942,66,0,8586
Mujeres no abogadas,7950,47,0,8586
Mujeres no abogadas,7955,1404,0,8586
Mujeres no abogadas,7960,219,0,8586
Mujeres no abogadas,7977,92,0,8586
Mujeres no abogadas,7985,308,0,8586
Mujeres no abogadas,8000,994902,6.2,8586
Mujeres no abogadas,8041,822,0,8586
Mujeres no abogadas,8050,112,0,8586
Mujeres no abogadas,8060,547,0,8586
Mujeres no abogadas,8063,211,0,8586
Mujeres no abogadas,8066,72,0,8586
Mujeres no abogadas,8084,1264,0,8586
Mujeres no abogadas,8100,781,0,8586
Mujeres no abogadas,8127,301,0,8586
Mujeres no abogadas,8144,118,0,8586
Mujeres no abogadas,8149,102,0,8586
Mujeres no abogadas,8170,25365,0.2,8586
Mujeres no abogadas,8180,1379,0,8586
Mujeres no abogadas,8190,183,0,8586
Mujeres no abogadas,8200,12262,0.1,8586
Mujeres no abogadas,8213,131,0,8586
Mujeres no abogadas,8250,228,0,8586
Mujeres no abogadas,8256,586,0,8586
Mujeres no abogadas,8280,174,0,8586
Mujeres no abogadas,8286,135,0,8586
Mujeres no abogadas,8290,109,0,8586
Mujeres no abogadas,8300,1099,0,8586
Mujeres no abogadas,8305,389,0,8586
Mujeres no abogadas,8333,126,0,8586
Mujeres no abogadas,8340,246,0,8586
Mujeres no abogadas,8385,4042,0,8586
Mujeres no abogadas,8395,184,0,8586
Mujeres no abogadas,8400,80911,0.5,8586
Mujeres no abogadas,8417,136,0,8586
Mujeres no abogadas,8428,98,0,8586
Mujeres no abogadas,8500,11079,0.1,8586
Mujeres no abogadas,8512,958,0,8586
Mujeres no abogadas,8514,229,0,8586
Mujeres no abogadas,8536,149,0,8586
Mujeres no abogadas,8550,157,0,8586
Mujeres no abogadas,8555,115,0,8586
Mujeres no abogadas,8570,75,0,8586
Mujeres no abogadas,8571,453,0,8586
Mujeres no abogadas,8600,504836,3.2,8586
Mujeres no abogadas,8614,681,0,8586
Mujeres no abogadas,8616,30,0,8586
Mujeres no abogadas,8640,513,0,8586
Mujeres no abogadas,8643,131,0,8586
Mujeres no abogadas,8650,946,0,8586
Mujeres no abogadas,8660,836,0,8586
Mujeres no abogadas,8674,271,0,8586
Mujeres no abogadas,8686,100,0,8586
Mujeres no abogadas,8700,2298,0,8586
Mujeres no abogadas,8707,321,0,8586
Mujeres no abogadas,8728,222,0,8586
Mujeres no abogadas,8740,602,0,8586
Mujeres no abogadas,8750,57,0,8586
Mujeres no abogadas,8760,720,0,8586
Mujeres no abogadas,8772,928,0,8586
Mujeres no abogadas,8800,14399,0.1,8586
Mujeres no abogadas,8825,139,0,8586
Mujeres no abogadas,8858,211,0,8586
Mujeres no abogadas,8890,366,0,8586
Mujeres no abogadas,8900,437,0,8586
Mujeres no abogadas,8950,296,0,8586
Mujeres no abogadas,8960,400,0,8586
Mujeres no abogadas,8980,2301,0,8586
Mujeres no abogadas,8987,621,0,8586
Mujeres no abogadas,9000,446180,2.8,8586
Mujeres no abogadas,9001,92,0,8586
Mujeres no abogadas,9030,24536,0.2,8586
Mujeres no abogadas,9040,31,0,8586
Mujeres no abogadas,9050,226,0,8586
Mujeres no abogadas,9073,164,0,8586
Mujeres no abogadas,9082,177,0,8586
Mujeres no abogadas,9100,961,0,8586
Mujeres no abogadas,9116,481,0,8586
Mujeres no abogadas,9120,1499,0,8586
Mujeres no abogadas,9123,99,0,8586
Mujeres no abogadas,9138,331,0,8586
Mujeres no abogadas,9150,570,0,8586
Mujeres no abogadas,9167,518,0,8586
Mujeres no abogadas,9180,560,0,8586
Mujeres no abogadas,9190,1044,0,8586
Mujeres no abogadas,9200,30660,0.2,8586
Mujeres no abogadas,9214,361,0,8586
Mujeres no abogadas,9240,71,0,8586
Mujeres no abogadas,9245,418,0,8586
Mujeres no abogadas,9288,641,0,8586
Mujeres no abogadas,9300,630,0,8586
Mujeres no abogadas,9310,145,0,8586
Mujeres no abogadas,9331,295,0,8586
Mujeres no abogadas,9350,305,0,8586
Mujeres no abogadas,9360,367,0,8586
Mujeres no abogadas,9391,148,0,8586
Mujeres no abogadas,9400,23684,0.1,8586
Mujeres no abogadas,9417,235,0,8586
Mujeres no abogadas,9460,33044,0.2,8586
Mujeres no abogadas,9477,168,0,8586
Mujeres no abogadas,9500,4341,0,8586
Mujeres no abogadas,9503,99,0,8586
Mujeres no abogadas,9589,117,0,8586
Mujeres no abogadas,9600,100247,0.6,8586
Mujeres no abogadas,9630,94,0,8586
Mujeres no abogadas,9632,104,0,8586
Mujeres no abogadas,9640,384,0,8586
Mujeres no abogadas,9675,4365,0,8586
Mujeres no abogadas,9700,1174,0,8586
Mujeres no abogadas,9728,924,0,8586
Mujeres no abogadas,9750,430,0,8586
Mujeres no abogadas,9780,343,0,8586
Mujeres no abogadas,9786,824,0,8586
Mujeres no abogadas,9800,31414,0.2,8586
Mujeres no abogadas,9840,239,0,8586
Mujeres no abogadas,9860,781,0,8586
Mujeres no abogadas,9890,24288,0.2,8586
Mujeres no abogadas,9900,1494,0,8586
Mujeres no abogadas,9930,512,0,8586
Mujeres no abogadas,9934,42,0,8586
Mujeres no abogadas,9950,98,0,8586
Mujeres no abogadas,9960,120,0,8586
Mujeres no abogadas,9996,824,0,8586
Mujeres no abogadas,10000,1341293,8.4,8586
Mujeres no abogadas,10001,105,0,8586
Mujeres no abogadas,10003,240,0,8586
Mujeres no abogadas,10100,1070,0,8586
Mujeres no abogadas,10105,502,0,8586
Mujeres no abogadas,10120,947,0,8586
Mujeres no abogadas,10125,89,0,8586
Mujeres no abogadas,10133,1603,0,8586
Mujeres no abogadas,10146,186,0,8586
Mujeres no abogadas,10160,309,0,8586
Mujeres no abogadas,10191,152,0,8586
Mujeres no abogadas,10200,16594,0.1,8586
Mujeres no abogadas,10212,418,0,8586
Mujeres no abogadas,10213,404,0,8586
Mujeres no abogadas,10234,100,0,8586
Mujeres no abogadas,10240,106,0,8586
Mujeres no abogadas,10250,163,0,8586
Mujeres no abogadas,10277,82,0,8586
Mujeres no abogadas,10300,790,0,8586
Mujeres no abogadas,10320,34032,0.2,8586
Mujeres no abogadas,10360,474,0,8586
Mujeres no abogadas,10400,52505,0.3,8586
Mujeres no abogadas,10420,208,0,8586
Mujeres no abogadas,10430,76,0,8586
Mujeres no abogadas,10460,59,0,8586
Mujeres no abogadas,10490,155,0,8586
Mujeres no abogadas,10492,749,0,8586
Mujeres no abogadas,10500,7370,0,8586
Mujeres no abogadas,10510,1421,0,8586
Mujeres no abogadas,10530,171,0,8586
Mujeres no abogadas,10533,46,0,8586
Mujeres no abogadas,10535,966,0,8586
Mujeres no abogadas,10560,450,0,8586
Mujeres no abogadas,10578,362,0,8586
Mujeres no abogadas,10600,26968,0.2,8586
Mujeres no abogadas,10628,107,0,8586
Mujeres no abogadas,10633,441,0,8586
Mujeres no abogadas,10650,94,0,8586
Mujeres no abogadas,10660,266,0,8586
Mujeres no abogadas,10664,193,0,8586
Mujeres no abogadas,10700,333,0,8586
Mujeres no abogadas,10714,176,0,8586
Mujeres no abogadas,10740,498,0,8586
Mujeres no abogadas,10750,212212,1.3,8586
Mujeres no abogadas,10760,747,0,8586
Mujeres no abogadas,10800,23991,0.2,8586
Mujeres no abogadas,10814,160,0,8586
Mujeres no abogadas,10836,40,0,8586
Mujeres no abogadas,10840,329,0,8586
Mujeres no abogadas,10845,154,0,8586
Mujeres no abogadas,10860,225,0,8586
Mujeres no abogadas,10893,206,0,8586
Mujeres no abogadas,10900,1559,0,8586
Mujeres no abogadas,10920,263,0,8586
Mujeres no abogadas,10950,454,0,8586
Mujeres no abogadas,10965,105,0,8586
Mujeres no abogadas,11000,191648,1.2,8586
Mujeres no abogadas,11051,95,0,8586
Mujeres no abogadas,11066,124,0,8586
Mujeres no abogadas,11100,374,0,8586
Mujeres no abogadas,11180,10370,0.1,8586
Mujeres no abogadas,11200,34376,0.2,8586
Mujeres no abogadas,11250,316,0,8586
Mujeres no abogadas,11300,328,0,8586
Mujeres no abogadas,11320,48,0,8586
Mujeres no abogadas,11340,126,0,8586
Mujeres no abogadas,11352,59,0,8586
Mujeres no abogadas,11395,108,0,8586
Mujeres no abogadas,11400,18655,0.1,8586
Mujeres no abogadas,11438,179,0,8586
Mujeres no abogadas,11500,2916,0,8586
Mujeres no abogadas,11586,96,0,8586
Mujeres no abogadas,11593,76,0,8586
Mujeres no abogadas,11600,43597,0.3,8586
Mujeres no abogadas,11610,9981,0.1,8586
Mujeres no abogadas,11620,175,0,8586
Mujeres no abogadas,11640,209,0,8586
Mujeres no abogadas,11667,47,0,8586
Mujeres no abogadas,11700,495,0,8586
Mujeres no abogadas,11720,196,0,8586
Mujeres no abogadas,11730,82,0,8586
Mujeres no abogadas,11750,177,0,8586
Mujeres no abogadas,11754,260,0,8586
Mujeres no abogadas,11780,116,0,8586
Mujeres no abogadas,11786,642,0,8586
Mujeres no abogadas,11800,22715,0.1,8586
Mujeres no abogadas,11802,31,0,8586
Mujeres no abogadas,11825,991,0,8586
Mujeres no abogadas,11892,472,0,8586
Mujeres no abogadas,11900,120,0,8586
Mujeres no abogadas,11950,491,0,8586
Mujeres no abogadas,11986,245,0,8586
Mujeres no abogadas,11996,132,0,8586
Mujeres no abogadas,12000,1048071,6.6,8586
Mujeres no abogadas,12040,27756,0.2,8586
Mujeres no abogadas,12060,162,0,8586
Mujeres no abogadas,12090,345,0,8586
Mujeres no abogadas,12126,200,0,8586
Mujeres no abogadas,12160,1213,0,8586
Mujeres no abogadas,12169,120,0,8586
Mujeres no abogadas,12200,4086,0,8586
Mujeres no abogadas,12203,147,0,8586
Mujeres no abogadas,12240,2853,0,8586
Mujeres no abogadas,12250,246,0,8586
Mujeres no abogadas,12255,1154,0,8586
Mujeres no abogadas,12300,1448,0,8586
Mujeres no abogadas,12330,372,0,8586
Mujeres no abogadas,12338,278,0,8586
Mujeres no abogadas,12400,25092,0.2,8586
Mujeres no abogadas,12470,4405,0,8586
Mujeres no abogadas,12500,10411,0.1,8586
Mujeres no abogadas,12525,111,0,8586
Mujeres no abogadas,12540,475,0,8586
Mujeres no abogadas,12542,156,0,8586
Mujeres no abogadas,12600,14103,0.1,8586
Mujeres no abogadas,12612,351,0,8586
Mujeres no abogadas,12642,68,0,8586
Mujeres no abogadas,12660,53,0,8586
Mujeres no abogadas,12675,661,0,8586
Mujeres no abogadas,12680,453,0,8586
Mujeres no abogadas,12700,152,0,8586
Mujeres no abogadas,12750,107,0,8586
Mujeres no abogadas,12760,772,0,8586
Mujeres no abogadas,12790,365,0,8586
Mujeres no abogadas,12800,7025,0,8586
Mujeres no abogadas,12860,203,0,8586
Mujeres no abogadas,12900,225993,1.4,8586
Mujeres no abogadas,12950,33,0,8586
Mujeres no abogadas,12960,500,0,8586
Mujeres no abogadas,12995,40,0,8586
Mujeres no abogadas,13000,174685,1.1,8586
Mujeres no abogadas,13010,219,0,8586
Mujeres no abogadas,13040,2553,0,8586
Mujeres no abogadas,13100,150,0,8586
Mujeres no abogadas,13170,314,0,8586
Mujeres no abogadas,13200,8152,0.1,8586
Mujeres no abogadas,13240,94,0,8586
Mujeres no abogadas,13246,154,0,8586
Mujeres no abogadas,13250,559,0,8586
Mujeres no abogadas,13300,1157,0,8586
Mujeres no abogadas,13330,2503,0,8586
Mujeres no abogadas,13333,705,0,8586
Mujeres no abogadas,13400,11614,0.1,8586
Mujeres no abogadas,13416,143,0,8586
Mujeres no abogadas,13437,226,0,8586
Mujeres no abogadas,13459,73,0,8586
Mujeres no abogadas,13500,7093,0,8586
Mujeres no abogadas,13545,918,0,8586
Mujeres no abogadas,13588,136,0,8586
Mujeres no abogadas,13590,207,0,8586
Mujeres no abogadas,13600,32417,0.2,8586
Mujeres no abogadas,13700,585,0,8586
Mujeres no abogadas,13760,6735,0,8586
Mujeres no abogadas,13800,9392,0.1,8586
Mujeres no abogadas,13900,549,0,8586
Mujeres no abogadas,13975,593,0,8586
Mujeres no abogadas,14000,544704,3.4,8586
Mujeres no abogadas,14001,117,0,8586
Mujeres no abogadas,14061,203,0,8586
Mujeres no abogadas,14100,130,0,8586
Mujeres no abogadas,14173,129,0,8586
Mujeres no abogadas,14190,3881,0,8586
Mujeres no abogadas,14200,4652,0,8586
Mujeres no abogadas,14240,61,0,8586
Mujeres no abogadas,14300,1347,0,8586
Mujeres no abogadas,14340,426,0,8586
Mujeres no abogadas,14350,607,0,8586
Mujeres no abogadas,14400,15220,0.1,8586
Mujeres no abogadas,14500,3443,0,8586
Mujeres no abogadas,14520,175,0,8586
Mujeres no abogadas,14534,140,0,8586
Mujeres no abogadas,14600,3627,0,8586
Mujeres no abogadas,14620,3039,0,8586
Mujeres no abogadas,14640,456,0,8586
Mujeres no abogadas,14700,315,0,8586
Mujeres no abogadas,14800,3538,0,8586
Mujeres no abogadas,14835,264,0,8586
Mujeres no abogadas,14900,361,0,8586
Mujeres no abogadas,14912,217,0,8586
Mujeres no abogadas,14964,167,0,8586
Mujeres no abogadas,14970,444,0,8586
Mujeres no abogadas,15000,328711,2.1,8586
Mujeres no abogadas,15050,63856,0.4,8586
Mujeres no abogadas,15100,98,0,8586
Mujeres no abogadas,15120,489,0,8586
Mujeres no abogadas,15148,699,0,8586
Mujeres no abogadas,15192,341,0,8586
Mujeres no abogadas,15200,6103,0,8586
Mujeres no abogadas,15300,513,0,8586
Mujeres no abogadas,15340,55,0,8586
Mujeres no abogadas,15400,286,0,8586
Mujeres no abogadas,15480,4632,0,8586
Mujeres no abogadas,15498,346,0,8586
Mujeres no abogadas,15500,996,0,8586
Mujeres no abogadas,15600,7935,0,8586
Mujeres no abogadas,15700,162,0,8586
Mujeres no abogadas,15706,191,0,8586
Mujeres no abogadas,15800,2654,0,8586
Mujeres no abogadas,15900,91,0,8586
Mujeres no abogadas,15910,2112,0,8586
Mujeres no abogadas,15970,108,0,8586
Mujeres no abogadas,16000,433187,2.7,8586
Mujeres no abogadas,16017,172,0,8586
Mujeres no abogadas,16018,91,0,8586
Mujeres no abogadas,16050,189,0,8586
Mujeres no abogadas,16120,203,0,8586
Mujeres no abogadas,16125,5592,0,8586
Mujeres no abogadas,16200,302,0,8586
Mujeres no abogadas,16213,758,0,8586
Mujeres no abogadas,16300,479,0,8586
Mujeres no abogadas,16340,8948,0.1,8586
Mujeres no abogadas,16400,4409,0,8586
Mujeres no abogadas,16430,133,0,8586
Mujeres no abogadas,16500,1969,0,8586
Mujeres no abogadas,16534,182,0,8586
Mujeres no abogadas,16555,105,0,8586
Mujeres no abogadas,16600,4164,0,8586
Mujeres no abogadas,16662,336,0,8586
Mujeres no abogadas,16667,590,0,8586
Mujeres no abogadas,16700,800,0,8586
Mujeres no abogadas,16770,2328,0,8586
Mujeres no abogadas,16800,2224,0,8586
Mujeres no abogadas,16965,28,0,8586
Mujeres no abogadas,16985,106,0,8586
Mujeres no abogadas,17000,51543,0.3,8586
Mujeres no abogadas,17142,80,0,8586
Mujeres no abogadas,17143,79,0,8586
Mujeres no abogadas,17200,88064,0.6,8586
Mujeres no abogadas,17300,138,0,8586
Mujeres no abogadas,17360,380,0,8586
Mujeres no abogadas,17400,2840,0,8586
Mujeres no abogadas,17450,80,0,8586
Mujeres no abogadas,17500,2530,0,8586
Mujeres no abogadas,17590,533,0,8586
Mujeres no abogadas,17600,2207,0,8586
Mujeres no abogadas,17630,439,0,8586
Mujeres no abogadas,17680,107,0,8586
Mujeres no abogadas,17714,79,0,8586
Mujeres no abogadas,17800,886,0,8586
Mujeres no abogadas,17810,39,0,8586
Mujeres no abogadas,17856,57,0,8586
Mujeres no abogadas,17880,127,0,8586
Mujeres no abogadas,17900,99,0,8586
Mujeres no abogadas,18000,179088,1.1,8586
Mujeres no abogadas,18050,209,0,8586
Mujeres no abogadas,18060,4477,0,8586
Mujeres no abogadas,18150,258,0,8586
Mujeres no abogadas,18160,27,0,8586
Mujeres no abogadas,18180,403,0,8586
Mujeres no abogadas,18200,837,0,8586
Mujeres no abogadas,18275,1031,0,8586
Mujeres no abogadas,18300,116,0,8586
Mujeres no abogadas,18390,167,0,8586
Mujeres no abogadas,18400,662,0,8586
Mujeres no abogadas,18490,816,0,8586
Mujeres no abogadas,18500,1826,0,8586
Mujeres no abogadas,18600,3956,0,8586
Mujeres no abogadas,18700,131,0,8586
Mujeres no abogadas,18744,398,0,8586
Mujeres no abogadas,18800,811,0,8586
Mujeres no abogadas,18850,177,0,8586
Mujeres no abogadas,18900,147,0,8586
Mujeres no abogadas,18920,769,0,8586
Mujeres no abogadas,19000,18295,0.1,8586
Mujeres no abogadas,19060,163,0,8586
Mujeres no abogadas,19200,1878,0,8586
Mujeres no abogadas,19300,234,0,8586
Mujeres no abogadas,19350,17329,0.1,8586
Mujeres no abogadas,19400,1100,0,8586
Mujeres no abogadas,19500,105,0,8586
Mujeres no abogadas,19530,134,0,8586
Mujeres no abogadas,19600,2396,0,8586
Mujeres no abogadas,19720,326,0,8586
Mujeres no abogadas,19750,166,0,8586
Mujeres no abogadas,19780,2428,0,8586
Mujeres no abogadas,19800,551,0,8586
Mujeres no abogadas,19995,544,0,8586
Mujeres no abogadas,20000,441105,2.8,8586
Mujeres no abogadas,20150,114,0,8586
Mujeres no abogadas,20200,2076,0,8586
Mujeres no abogadas,20210,267,0,8586
Mujeres no abogadas,20240,89,0,8586
Mujeres no abogadas,20270,392,0,8586
Mujeres no abogadas,20357,131,0,8586
Mujeres no abogadas,20400,2940,0,8586
Mujeres no abogadas,20425,303,0,8586
Mujeres no abogadas,20500,955,0,8586
Mujeres no abogadas,20552,356,0,8586
Mujeres no abogadas,20560,407,0,8586
Mujeres no abogadas,20600,424,0,8586
Mujeres no abogadas,20618,228,0,8586
Mujeres no abogadas,20640,4162,0,8586
Mujeres no abogadas,20766,461,0,8586
Mujeres no abogadas,20800,442,0,8586
Mujeres no abogadas,20855,185,0,8586
Mujeres no abogadas,20900,367,0,8586
Mujeres no abogadas,21000,11104,0.1,8586
Mujeres no abogadas,21070,241,0,8586
Mujeres no abogadas,21100,179,0,8586
Mujeres no abogadas,21200,1540,0,8586
Mujeres no abogadas,21285,363,0,8586
Mujeres no abogadas,21400,61,0,8586
Mujeres no abogadas,21428,104,0,8586
Mujeres no abogadas,21500,81551,0.5,8586
Mujeres no abogadas,21548,53,0,8586
Mujeres no abogadas,21600,1064,0,8586
Mujeres no abogadas,21608,131,0,8586
Mujeres no abogadas,21800,166,0,8586
Mujeres no abogadas,22000,54399,0.3,8586
Mujeres no abogadas,22145,131,0,8586
Mujeres no abogadas,22200,514,0,8586
Mujeres no abogadas,22231,394,0,8586
Mujeres no abogadas,22360,808,0,8586
Mujeres no abogadas,22400,798,0,8586
Mujeres no abogadas,22500,873,0,8586
Mujeres no abogadas,22575,4340,0,8586
Mujeres no abogadas,22600,147,0,8586
Mujeres no abogadas,22742,41,0,8586
Mujeres no abogadas,22790,919,0,8586
Mujeres no abogadas,22800,402,0,8586
Mujeres no abogadas,22950,96,0,8586
Mujeres no abogadas,23000,6860,0,8586
Mujeres no abogadas,23045,194,0,8586
Mujeres no abogadas,23100,171,0,8586
Mujeres no abogadas,23200,397,0,8586
Mujeres no abogadas,23220,353,0,8586
Mujeres no abogadas,23400,577,0,8586
Mujeres no abogadas,23450,155,0,8586
Mujeres no abogadas,23500,843,0,8586
Mujeres no abogadas,23546,204,0,8586
Mujeres no abogadas,23650,5378,0,8586
Mujeres no abogadas,23800,544,0,8586
Mujeres no abogadas,24000,119199,0.7,8586
Mujeres no abogadas,24001,388,0,8586
Mujeres no abogadas,24003,165,0,8586
Mujeres no abogadas,24080,2596,0,8586
Mujeres no abogadas,24150,136,0,8586
Mujeres no abogadas,24190,54,0,8586
Mujeres no abogadas,24241,135,0,8586
Mujeres no abogadas,24400,194,0,8586
Mujeres no abogadas,24500,773,0,8586
Mujeres no abogadas,24600,1180,0,8586
Mujeres no abogadas,24667,440,0,8586
Mujeres no abogadas,24700,554,0,8586
Mujeres no abogadas,24750,412,0,8586
Mujeres no abogadas,24800,172,0,8586
Mujeres no abogadas,24940,1496,0,8586
Mujeres no abogadas,24970,50,0,8586
Mujeres no abogadas,25000,64935,0.4,8586
Mujeres no abogadas,25080,207,0,8586
Mujeres no abogadas,25200,778,0,8586
Mujeres no abogadas,25284,155,0,8586
Mujeres no abogadas,25370,44,0,8586
Mujeres no abogadas,25400,554,0,8586
Mujeres no abogadas,25500,636,0,8586
Mujeres no abogadas,25600,641,0,8586
Mujeres no abogadas,25700,1689,0,8586
Mujeres no abogadas,25800,36456,0.2,8586
Mujeres no abogadas,25806,92,0,8586
Mujeres no abogadas,25900,162,0,8586
Mujeres no abogadas,26000,32002,0.2,8586
Mujeres no abogadas,26134,500,0,8586
Mujeres no abogadas,26230,103,0,8586
Mujeres no abogadas,26250,164,0,8586
Mujeres no abogadas,26346,233,0,8586
Mujeres no abogadas,26400,779,0,8586
Mujeres no abogadas,26500,1507,0,8586
Mujeres no abogadas,26800,633,0,8586
Mujeres no abogadas,26875,859,0,8586
Mujeres no abogadas,27000,11847,0.1,8586
Mujeres no abogadas,27090,72,0,8586
Mujeres no abogadas,27200,159,0,8586
Mujeres no abogadas,27400,183,0,8586
Mujeres no abogadas,27500,776,0,8586
Mujeres no abogadas,27520,1083,0,8586
Mujeres no abogadas,27600,55,0,8586
Mujeres no abogadas,27735,54,0,8586
Mujeres no abogadas,27800,835,0,8586
Mujeres no abogadas,27900,114,0,8586
Mujeres no abogadas,27950,4814,0,8586
Mujeres no abogadas,28000,42857,0.3,8586
Mujeres no abogadas,28380,105,0,8586
Mujeres no abogadas,28500,74,0,8586
Mujeres no abogadas,28600,603,0,8586
Mujeres no abogadas,28700,478,0,8586
Mujeres no abogadas,28800,375,0,8586
Mujeres no abogadas,28810,243,0,8586
Mujeres no abogadas,28840,144,0,8586
Mujeres no abogadas,29000,2867,0,8586
Mujeres no abogadas,29025,412,0,8586
Mujeres no abogadas,29200,55,0,8586
Mujeres no abogadas,29400,1385,0,8586
Mujeres no abogadas,29500,1035,0,8586
Mujeres no abogadas,29600,31,0,8586
Mujeres no abogadas,30000,203358,1.3,8586
Mujeres no abogadas,30100,14810,0.1,8586
Mujeres no abogadas,30200,67,0,8586
Mujeres no abogadas,30315,116,0,8586
Mujeres no abogadas,30400,209,0,8586
Mujeres no abogadas,30800,22,0,8586
Mujeres no abogadas,30960,1412,0,8586
Mujeres no abogadas,31000,1193,0,8586
Mujeres no abogadas,31080,670,0,8586
Mujeres no abogadas,31100,80,0,8586
Mujeres no abogadas,31175,667,0,8586
Mujeres no abogadas,31250,54,0,8586
Mujeres no abogadas,31400,224,0,8586
Mujeres no abogadas,31500,2540,0,8586
Mujeres no abogadas,31600,514,0,8586
Mujeres no abogadas,31900,129,0,8586
Mujeres no abogadas,32000,23904,0.1,8586
Mujeres no abogadas,32250,5439,0,8586
Mujeres no abogadas,32300,605,0,8586
Mujeres no abogadas,32400,777,0,8586
Mujeres no abogadas,32500,619,0,8586
Mujeres no abogadas,32600,430,0,8586
Mujeres no abogadas,32700,128,0,8586
Mujeres no abogadas,32900,578,0,8586
Mujeres no abogadas,33000,4122,0,8586
Mujeres no abogadas,33500,547,0,8586
Mujeres no abogadas,33540,187,0,8586
Mujeres no abogadas,33600,92,0,8586
Mujeres no abogadas,33755,23,0,8586
Mujeres no abogadas,33906,135,0,8586
Mujeres no abogadas,34000,10525,0.1,8586
Mujeres no abogadas,34250,126,0,8586
Mujeres no abogadas,34400,12019,0.1,8586
Mujeres no abogadas,34800,76,0,8586
Mujeres no abogadas,35000,19313,0.1,8586
Mujeres no abogadas,35250,45,0,8586
Mujeres no abogadas,35800,1260,0,8586
Mujeres no abogadas,36000,19030,0.1,8586
Mujeres no abogadas,36120,23,0,8586
Mujeres no abogadas,36550,3143,0,8586
Mujeres no abogadas,36610,135,0,8586
Mujeres no abogadas,37000,905,0,8586
Mujeres no abogadas,37800,1034,0,8586
Mujeres no abogadas,38000,4777,0,8586
Mujeres no abogadas,38300,183,0,8586
Mujeres no abogadas,38400,199,0,8586
Mujeres no abogadas,38500,476,0,8586
Mujeres no abogadas,38700,6515,0,8586
Mujeres no abogadas,38710,62,0,8586
Mujeres no abogadas,39000,264,0,8586
Mujeres no abogadas,39100,133,0,8586
Mujeres no abogadas,39200,170,0,8586
Mujeres no abogadas,39800,590,0,8586
Mujeres no abogadas,40000,89330,0.6,8586
Mujeres no abogadas,40100,46,0,8586
Mujeres no abogadas,40133,34,0,8586
Mujeres no abogadas,40200,126,0,8586
Mujeres no abogadas,40230,1184,0,8586
Mujeres no abogadas,40700,371,0,8586
Mujeres no abogadas,40850,1268,0,8586
Mujeres no abogadas,41000,1084,0,8586
Mujeres no abogadas,41300,153,0,8586
Mujeres no abogadas,42000,2458,0,8586
Mujeres no abogadas,42500,57,0,8586
Mujeres no abogadas,43000,15106,0.1,8586
Mujeres no abogadas,43430,34,0,8586
Mujeres no abogadas,44000,4483,0,8586
Mujeres no abogadas,44600,149,0,8586
Mujeres no abogadas,45000,5226,0,8586
Mujeres no abogadas,45150,961,0,8586
Mujeres no abogadas,46000,5611,0,8586
Mujeres no abogadas,46800,240,0,8586
Mujeres no abogadas,47300,1973,0,8586
Mujeres no abogadas,48000,6122,0,8586
Mujeres no abogadas,49450,246,0,8586
Mujeres no abogadas,50000,41152,0.3,8586
Mujeres no abogadas,51600,2614,0,8586
Mujeres no abogadas,52000,1340,0,8586
Mujeres no abogadas,52460,146,0,8586
Mujeres no abogadas,53750,474,0,8586
Mujeres no abogadas,54000,531,0,8586
Mujeres no abogadas,55000,1710,0,8586
Mujeres no abogadas,55900,134,0,8586
Mujeres no abogadas,56000,464,0,8586
Mujeres no abogadas,57003,405,0,8586
Mujeres no abogadas,58000,47,0,8586
Mujeres no abogadas,58050,367,0,8586
Mujeres no abogadas,58333,387,0,8586
Mujeres no abogadas,59200,268,0,8586
Mujeres no abogadas,60000,21813,0.1,8586
Mujeres no abogadas,60106,190,0,8586
Mujeres no abogadas,60200,246,0,8586
Mujeres no abogadas,63003,52,0,8586
Mujeres no abogadas,64000,1359,0,8586
Mujeres no abogadas,64500,2479,0,8586
Mujeres no abogadas,64506,133,0,8586
Mujeres no abogadas,64560,39,0,8586
Mujeres no abogadas,65000,176,0,8586
Mujeres no abogadas,65400,147,0,8586
Mujeres no abogadas,66000,747,0,8586
Mujeres no abogadas,66667,165,0,8586
Mujeres no abogadas,67300,483,0,8586
Mujeres no abogadas,70000,4268,0,8586
Mujeres no abogadas,70500,671,0,8586
Mujeres no abogadas,72000,459,0,8586
Mujeres no abogadas,75000,1645,0,8586
Mujeres no abogadas,75250,65,0,8586
Mujeres no abogadas,76000,1481,0,8586
Mujeres no abogadas,77400,372,0,8586
Mujeres no abogadas,80000,7192,0,8586
Mujeres no abogadas,81500,111,0,8586
Mujeres no abogadas,82000,208,0,8586
Mujeres no abogadas,85000,68,0,8586
Mujeres no abogadas,86000,599,0,8586
Mujeres no abogadas,90000,1090,0,8586
Mujeres no abogadas,90300,168,0,8586
Mujeres no abogadas,98000,71,0,8586
Mujeres no abogadas,100000,3137,0,8586
Mujeres no abogadas,104000,50,0,8586
Mujeres no abogadas,107500,410,0,8586
Mujeres no abogadas,110000,454,0,8586
Mujeres no abogadas,120000,1050,0,8586
Mujeres no abogadas,129000,567,0,8586
Mujeres no abogadas,150000,1012,0,8586
Mujeres no abogadas,172000,406,0,8586
Mujeres no abogadas,177400,115,0,8586
Mujeres no abogadas,200000,28,0,8586
