sexo,edad,weights,educ,perc,type
hombre,21,1612401,lic_law,0.065,just_lic
hombre,21,1612401,lic_non_law,0.935,just_lic
hombre,22,1730876,lic_law,0.072,just_lic
hombre,22,1730876,lic_non_law,0.928,just_lic
hombre,23,1718582,lic_law,0.07,just_lic
hombre,23,1718582,lic_non_law,0.93,just_lic
hombre,24,1673684,lic_law,0.073,just_lic
hombre,24,1673684,lic_non_law,0.927,just_lic
hombre,25,1618190,lic_law,0.081,just_lic
hombre,25,1618190,lic_non_law,0.919,just_lic
hombre,26,1512149,lic_law,0.09,just_lic
hombre,26,1512149,lic_non_law,0.91,just_lic
hombre,27,1532147,lic_law,0.077,just_lic
hombre,27,1532147,lic_non_law,0.923,just_lic
hombre,28,1426793,lic_law,0.093,just_lic
hombre,28,1426793,lic_non_law,0.907,just_lic
hombre,29,1297039,lic_law,0.084,just_lic
hombre,29,1297039,lic_non_law,0.916,just_lic
hombre,30,1310943,lic_law,0.103,just_lic
hombre,30,1310943,lic_non_law,0.897,just_lic
hombre,31,1222281,lic_law,0.086,just_lic
hombre,31,1222281,lic_non_law,0.914,just_lic
hombre,32,1227833,lic_law,0.089,just_lic
hombre,32,1227833,lic_non_law,0.911,just_lic
hombre,33,1125537,lic_law,0.1,just_lic
hombre,33,1125537,lic_non_law,0.9,just_lic
hombre,34,1070338,lic_law,0.08,just_lic
hombre,34,1070338,lic_non_law,0.92,just_lic
hombre,35,1007369,lic_law,0.093,just_lic
hombre,35,1007369,lic_non_law,0.907,just_lic
hombre,36,995909,lic_law,0.101,just_lic
hombre,36,995909,lic_non_law,0.899,just_lic
hombre,37,961196,lic_law,0.097,just_lic
hombre,37,961196,lic_non_law,0.903,just_lic
hombre,38,902990,lic_law,0.113,just_lic
hombre,38,902990,lic_non_law,0.887,just_lic
hombre,39,894036,lic_law,0.117,just_lic
hombre,39,894036,lic_non_law,0.883,just_lic
hombre,40,1001303,lic_law,0.121,just_lic
hombre,40,1001303,lic_non_law,0.879,just_lic
hombre,41,928059,lic_law,0.092,just_lic
hombre,41,928059,lic_non_law,0.908,just_lic
hombre,42,803422,lic_law,0.097,just_lic
hombre,42,803422,lic_non_law,0.903,just_lic
hombre,43,809481,lic_law,0.114,just_lic
hombre,43,809481,lic_non_law,0.886,just_lic
hombre,44,659617,lic_law,0.096,just_lic
hombre,44,659617,lic_non_law,0.904,just_lic
hombre,45,759910,lic_law,0.115,just_lic
hombre,45,759910,lic_non_law,0.885,just_lic
hombre,46,731436,lic_law,0.106,just_lic
hombre,46,731436,lic_non_law,0.894,just_lic
hombre,47,721682,lic_law,0.107,just_lic
hombre,47,721682,lic_non_law,0.893,just_lic
hombre,48,677225,lic_law,0.126,just_lic
hombre,48,677225,lic_non_law,0.874,just_lic
hombre,49,598650,lic_law,0.109,just_lic
hombre,49,598650,lic_non_law,0.891,just_lic
hombre,50,683240,lic_law,0.116,just_lic
hombre,50,683240,lic_non_law,0.884,just_lic
hombre,51,645876,lic_law,0.102,just_lic
hombre,51,645876,lic_non_law,0.898,just_lic
hombre,52,621476,lic_law,0.108,just_lic
hombre,52,621476,lic_non_law,0.892,just_lic
hombre,53,572553,lic_law,0.121,just_lic
hombre,53,572553,lic_non_law,0.879,just_lic
hombre,54,606495,lic_law,0.099,just_lic
hombre,54,606495,lic_non_law,0.901,just_lic
hombre,55,618291,lic_law,0.106,just_lic
hombre,55,618291,lic_non_law,0.894,just_lic
hombre,56,577590,lic_law,0.09,just_lic
hombre,56,577590,lic_non_law,0.91,just_lic
hombre,57,556818,lic_law,0.068,just_lic
hombre,57,556818,lic_non_law,0.932,just_lic
hombre,58,567847,lic_law,0.107,just_lic
hombre,58,567847,lic_non_law,0.893,just_lic
hombre,59,517359,lic_law,0.086,just_lic
hombre,59,517359,lic_non_law,0.914,just_lic
hombre,60,581669,lic_law,0.119,just_lic
hombre,60,581669,lic_non_law,0.881,just_lic
hombre,61,519040,lic_law,0.097,just_lic
hombre,61,519040,lic_non_law,0.903,just_lic
hombre,62,466988,lic_law,0.092,just_lic
hombre,62,466988,lic_non_law,0.908,just_lic
hombre,63,469812,lic_law,0.078,just_lic
hombre,63,469812,lic_non_law,0.922,just_lic
hombre,64,409226,lic_law,0.076,just_lic
hombre,64,409226,lic_non_law,0.924,just_lic
hombre,65,396740,lic_law,0.079,just_lic
hombre,65,396740,lic_non_law,0.921,just_lic
hombre,66,385250,lic_law,0.093,just_lic
hombre,66,385250,lic_non_law,0.907,just_lic
hombre,67,301445,lic_law,0.079,just_lic
hombre,67,301445,lic_non_law,0.921,just_lic
hombre,68,305071,lic_law,0.103,just_lic
hombre,68,305071,lic_non_law,0.897,just_lic
hombre,69,251697,lic_law,0.09,just_lic
hombre,69,251697,lic_non_law,0.91,just_lic
hombre,70,274352,lic_law,0.08,just_lic
hombre,70,274352,lic_non_law,0.92,just_lic
hombre,71,208982,lic_law,0.087,just_lic
hombre,71,208982,lic_non_law,0.913,just_lic
hombre,72,173179,lic_law,0.116,just_lic
hombre,72,173179,lic_non_law,0.884,just_lic
hombre,73,205401,lic_law,0.103,just_lic
hombre,73,205401,lic_non_law,0.897,just_lic
hombre,74,146772,lic_law,0.132,just_lic
hombre,74,146772,lic_non_law,0.868,just_lic
hombre,75,137262,lic_law,0.179,just_lic
hombre,75,137262,lic_non_law,0.821,just_lic
hombre,76,120970,lic_law,0.127,just_lic
hombre,76,120970,lic_non_law,0.873,just_lic
hombre,77,80077,lic_law,0.174,just_lic
hombre,77,80077,lic_non_law,0.826,just_lic
hombre,78,91664,lic_law,0.165,just_lic
hombre,78,91664,lic_non_law,0.835,just_lic
hombre,79,83331,lic_law,0.114,just_lic
hombre,79,83331,lic_non_law,0.886,just_lic
hombre,80,86820,lic_law,0.108,just_lic
hombre,80,86820,lic_non_law,0.892,just_lic
hombre,81,64688,lic_law,0.14,just_lic
hombre,81,64688,lic_non_law,0.86,just_lic
hombre,82,46095,lic_law,0.065,just_lic
hombre,82,46095,lic_non_law,0.935,just_lic
hombre,83,40838,lic_law,0.071,just_lic
hombre,83,40838,lic_non_law,0.929,just_lic
hombre,84,33023,lic_law,0.081,just_lic
hombre,84,33023,lic_non_law,0.919,just_lic
hombre,85,25366,lic_law,0.151,just_lic
hombre,85,25366,lic_non_law,0.849,just_lic
hombre,86,17145,lic_law,0.144,just_lic
hombre,86,17145,lic_non_law,0.856,just_lic
hombre,87,14573,lic_law,0.329,just_lic
hombre,87,14573,lic_non_law,0.671,just_lic
hombre,88,12751,lic_law,0.078,just_lic
hombre,88,12751,lic_non_law,0.922,just_lic
hombre,89,8327,lic_law,0.032,just_lic
hombre,89,8327,lic_non_law,0.968,just_lic
hombre,90,3768,lic_law,0.087,just_lic
hombre,90,3768,lic_non_law,0.913,just_lic
hombre,91,4641,lic_law,0.007,just_lic
hombre,91,4641,lic_non_law,0.993,just_lic
hombre,92,6913,lic_law,0.028,just_lic
hombre,92,6913,lic_non_law,0.972,just_lic
hombre,93,3277,lic_law,0,just_lic
hombre,93,3277,lic_non_law,1,just_lic
hombre,94,2605,lic_law,0.047,just_lic
hombre,94,2605,lic_non_law,0.953,just_lic
hombre,95,3460,lic_law,0.118,just_lic
hombre,95,3460,lic_non_law,0.882,just_lic
hombre,96,1872,lic_law,0.059,just_lic
hombre,96,1872,lic_non_law,0.941,just_lic
hombre,97,1769,lic_law,0.508,just_lic
hombre,97,1769,lic_non_law,0.492,just_lic
mujer,21,1858076,lic_law,0.077,just_lic
mujer,21,1858076,lic_non_law,0.923,just_lic
mujer,22,1965132,lic_law,0.073,just_lic
mujer,22,1965132,lic_non_law,0.927,just_lic
mujer,23,1920851,lic_law,0.072,just_lic
mujer,23,1920851,lic_non_law,0.928,just_lic
mujer,24,1854468,lic_law,0.07,just_lic
mujer,24,1854468,lic_non_law,0.93,just_lic
mujer,25,1702779,lic_law,0.076,just_lic
mujer,25,1702779,lic_non_law,0.924,just_lic
mujer,26,1747455,lic_law,0.065,just_lic
mujer,26,1747455,lic_non_law,0.935,just_lic
mujer,27,1607571,lic_law,0.081,just_lic
mujer,27,1607571,lic_non_law,0.919,just_lic
mujer,28,1515995,lic_law,0.083,just_lic
mujer,28,1515995,lic_non_law,0.917,just_lic
mujer,29,1381151,lic_law,0.071,just_lic
mujer,29,1381151,lic_non_law,0.929,just_lic
mujer,30,1414656,lic_law,0.073,just_lic
mujer,30,1414656,lic_non_law,0.927,just_lic
mujer,31,1312414,lic_law,0.069,just_lic
mujer,31,1312414,lic_non_law,0.931,just_lic
mujer,32,1242277,lic_law,0.083,just_lic
mujer,32,1242277,lic_non_law,0.917,just_lic
mujer,33,1279279,lic_law,0.089,just_lic
mujer,33,1279279,lic_non_law,0.911,just_lic
mujer,34,1116911,lic_law,0.081,just_lic
mujer,34,1116911,lic_non_law,0.919,just_lic
mujer,35,1189187,lic_law,0.091,just_lic
mujer,35,1189187,lic_non_law,0.909,just_lic
mujer,36,1170825,lic_law,0.081,just_lic
mujer,36,1170825,lic_non_law,0.919,just_lic
mujer,37,1035619,lic_law,0.091,just_lic
mujer,37,1035619,lic_non_law,0.909,just_lic
mujer,38,1008484,lic_law,0.105,just_lic
mujer,38,1008484,lic_non_law,0.895,just_lic
mujer,39,946867,lic_law,0.101,just_lic
mujer,39,946867,lic_non_law,0.899,just_lic
mujer,40,1005946,lic_law,0.088,just_lic
mujer,40,1005946,lic_non_law,0.912,just_lic
mujer,41,911871,lic_law,0.095,just_lic
mujer,41,911871,lic_non_law,0.905,just_lic
mujer,42,871204,lic_law,0.09,just_lic
mujer,42,871204,lic_non_law,0.91,just_lic
mujer,43,879735,lic_law,0.109,just_lic
mujer,43,879735,lic_non_law,0.891,just_lic
mujer,44,769738,lic_law,0.094,just_lic
mujer,44,769738,lic_non_law,0.906,just_lic
mujer,45,780336,lic_law,0.089,just_lic
mujer,45,780336,lic_non_law,0.911,just_lic
mujer,46,804471,lic_law,0.11,just_lic
mujer,46,804471,lic_non_law,0.89,just_lic
mujer,47,713736,lic_law,0.08,just_lic
mujer,47,713736,lic_non_law,0.92,just_lic
mujer,48,722090,lic_law,0.1,just_lic
mujer,48,722090,lic_non_law,0.9,just_lic
mujer,49,643035,lic_law,0.08,just_lic
mujer,49,643035,lic_non_law,0.92,just_lic
mujer,50,662279,lic_law,0.091,just_lic
mujer,50,662279,lic_non_law,0.909,just_lic
mujer,51,630290,lic_law,0.062,just_lic
mujer,51,630290,lic_non_law,0.938,just_lic
mujer,52,602778,lic_law,0.068,just_lic
mujer,52,602778,lic_non_law,0.932,just_lic
mujer,53,580680,lic_law,0.096,just_lic
mujer,53,580680,lic_non_law,0.904,just_lic
mujer,54,509345,lic_law,0.066,just_lic
mujer,54,509345,lic_non_law,0.934,just_lic
mujer,55,532132,lic_law,0.07,just_lic
mujer,55,532132,lic_non_law,0.93,just_lic
mujer,56,552325,lic_law,0.073,just_lic
mujer,56,552325,lic_non_law,0.927,just_lic
mujer,57,503229,lic_law,0.033,just_lic
mujer,57,503229,lic_non_law,0.967,just_lic
mujer,58,455726,lic_law,0.067,just_lic
mujer,58,455726,lic_non_law,0.933,just_lic
mujer,59,449797,lic_law,0.048,just_lic
mujer,59,449797,lic_non_law,0.952,just_lic
mujer,60,474897,lic_law,0.048,just_lic
mujer,60,474897,lic_non_law,0.952,just_lic
mujer,61,393082,lic_law,0.051,just_lic
mujer,61,393082,lic_non_law,0.949,just_lic
mujer,62,342882,lic_law,0.071,just_lic
mujer,62,342882,lic_non_law,0.929,just_lic
mujer,63,282279,lic_law,0.062,just_lic
mujer,63,282279,lic_non_law,0.938,just_lic
mujer,64,271203,lic_law,0.084,just_lic
mujer,64,271203,lic_non_law,0.916,just_lic
mujer,65,239849,lic_law,0.06,just_lic
mujer,65,239849,lic_non_law,0.94,just_lic
mujer,66,205494,lic_law,0.041,just_lic
mujer,66,205494,lic_non_law,0.959,just_lic
mujer,67,180944,lic_law,0.065,just_lic
mujer,67,180944,lic_non_law,0.935,just_lic
mujer,68,144156,lic_law,0.075,just_lic
mujer,68,144156,lic_non_law,0.925,just_lic
mujer,69,174030,lic_law,0.068,just_lic
mujer,69,174030,lic_non_law,0.932,just_lic
mujer,70,135585,lic_law,0.037,just_lic
mujer,70,135585,lic_non_law,0.963,just_lic
mujer,71,108315,lic_law,0.043,just_lic
mujer,71,108315,lic_non_law,0.957,just_lic
mujer,72,87673,lic_law,0.03,just_lic
mujer,72,87673,lic_non_law,0.97,just_lic
mujer,73,68338,lic_law,0.062,just_lic
mujer,73,68338,lic_non_law,0.938,just_lic
mujer,74,80696,lic_law,0.07,just_lic
mujer,74,80696,lic_non_law,0.93,just_lic
mujer,75,68790,lic_law,0.028,just_lic
mujer,75,68790,lic_non_law,0.972,just_lic
mujer,76,54962,lic_law,0.05,just_lic
mujer,76,54962,lic_non_law,0.95,just_lic
mujer,77,41631,lic_law,0.056,just_lic
mujer,77,41631,lic_non_law,0.944,just_lic
mujer,78,26617,lic_law,0.006,just_lic
mujer,78,26617,lic_non_law,0.994,just_lic
mujer,79,26708,lic_law,0.03,just_lic
mujer,79,26708,lic_non_law,0.97,just_lic
mujer,80,30964,lic_law,0.007,just_lic
mujer,80,30964,lic_non_law,0.993,just_lic
mujer,81,23315,lic_law,0,just_lic
mujer,81,23315,lic_non_law,1,just_lic
mujer,82,19073,lic_law,0.013,just_lic
mujer,82,19073,lic_non_law,0.987,just_lic
mujer,83,8425,lic_law,0.024,just_lic
mujer,83,8425,lic_non_law,0.976,just_lic
mujer,84,9754,lic_law,0.025,just_lic
mujer,84,9754,lic_non_law,0.975,just_lic
mujer,85,7264,lic_law,0,just_lic
mujer,85,7264,lic_non_law,1,just_lic
mujer,86,6922,lic_law,0,just_lic
mujer,86,6922,lic_non_law,1,just_lic
mujer,87,5655,lic_law,0.015,just_lic
mujer,87,5655,lic_non_law,0.985,just_lic
mujer,88,4729,lic_law,0.026,just_lic
mujer,88,4729,lic_non_law,0.974,just_lic
mujer,89,6515,lic_law,0,just_lic
mujer,89,6515,lic_non_law,1,just_lic
mujer,90,3306,lic_law,0.032,just_lic
mujer,90,3306,lic_non_law,0.968,just_lic
mujer,91,1171,lic_law,0.155,just_lic
mujer,91,1171,lic_non_law,0.845,just_lic
mujer,92,985,lic_law,0,just_lic
mujer,92,985,lic_non_law,1,just_lic
mujer,93,296,lic_law,0,just_lic
mujer,93,296,lic_non_law,1,just_lic
mujer,94,2970,lic_law,0,just_lic
mujer,94,2970,lic_non_law,1,just_lic
mujer,95,381,lic_law,0,just_lic
mujer,95,381,lic_non_law,1,just_lic
mujer,96,950,lic_law,0,just_lic
mujer,96,950,lic_non_law,1,just_lic
mujer,97,1149,lic_law,0.081,just_lic
mujer,97,1149,lic_non_law,0.919,just_lic
hombre,21,5131554,lic_law,0.02,all
hombre,21,5131554,lic_non_law,0.294,all
hombre,21,5131554,no_lic,0.686,all
hombre,22,5137145,lic_law,0.024,all
hombre,22,5137145,lic_non_law,0.313,all
hombre,22,5137145,no_lic,0.663,all
hombre,23,5118521,lic_law,0.024,all
hombre,23,5118521,lic_non_law,0.312,all
hombre,23,5118521,no_lic,0.664,all
hombre,24,4732963,lic_law,0.026,all
hombre,24,4732963,lic_non_law,0.328,all
hombre,24,4732963,no_lic,0.646,all
hombre,25,4671337,lic_law,0.028,all
hombre,25,4671337,lic_non_law,0.318,all
hombre,25,4671337,no_lic,0.654,all
hombre,26,4577210,lic_law,0.03,all
hombre,26,4577210,lic_non_law,0.301,all
hombre,26,4577210,no_lic,0.67,all
hombre,27,4582976,lic_law,0.026,all
hombre,27,4582976,lic_non_law,0.308,all
hombre,27,4582976,no_lic,0.666,all
hombre,28,4392035,lic_law,0.03,all
hombre,28,4392035,lic_non_law,0.295,all
hombre,28,4392035,no_lic,0.675,all
hombre,29,4296322,lic_law,0.025,all
hombre,29,4296322,lic_non_law,0.277,all
hombre,29,4296322,no_lic,0.698,all
hombre,30,4530229,lic_law,0.03,all
hombre,30,4530229,lic_non_law,0.259,all
hombre,30,4530229,no_lic,0.711,all
hombre,31,4218612,lic_law,0.025,all
hombre,31,4218612,lic_non_law,0.265,all
hombre,31,4218612,no_lic,0.71,all
hombre,32,4125065,lic_law,0.027,all
hombre,32,4125065,lic_non_law,0.271,all
hombre,32,4125065,no_lic,0.702,all
hombre,33,4113100,lic_law,0.027,all
hombre,33,4113100,lic_non_law,0.246,all
hombre,33,4113100,no_lic,0.726,all
hombre,34,3925838,lic_law,0.022,all
hombre,34,3925838,lic_non_law,0.251,all
hombre,34,3925838,no_lic,0.727,all
hombre,35,4026899,lic_law,0.023,all
hombre,35,4026899,lic_non_law,0.227,all
hombre,35,4026899,no_lic,0.75,all
hombre,36,4121327,lic_law,0.025,all
hombre,36,4121327,lic_non_law,0.217,all
hombre,36,4121327,no_lic,0.758,all
hombre,37,3917914,lic_law,0.024,all
hombre,37,3917914,lic_non_law,0.222,all
hombre,37,3917914,no_lic,0.755,all
hombre,38,3983269,lic_law,0.026,all
hombre,38,3983269,lic_non_law,0.201,all
hombre,38,3983269,no_lic,0.773,all
hombre,39,4013920,lic_law,0.026,all
hombre,39,4013920,lic_non_law,0.197,all
hombre,39,4013920,no_lic,0.777,all
hombre,40,4345865,lic_law,0.028,all
hombre,40,4345865,lic_non_law,0.203,all
hombre,40,4345865,no_lic,0.77,all
hombre,41,4110445,lic_law,0.021,all
hombre,41,4110445,lic_non_law,0.205,all
hombre,41,4110445,no_lic,0.774,all
hombre,42,3811850,lic_law,0.02,all
hombre,42,3811850,lic_non_law,0.19,all
hombre,42,3811850,no_lic,0.789,all
hombre,43,4098217,lic_law,0.023,all
hombre,43,4098217,lic_non_law,0.175,all
hombre,43,4098217,no_lic,0.802,all
hombre,44,3676876,lic_law,0.017,all
hombre,44,3676876,lic_non_law,0.162,all
hombre,44,3676876,no_lic,0.821,all
hombre,45,3901722,lic_law,0.022,all
hombre,45,3901722,lic_non_law,0.172,all
hombre,45,3901722,no_lic,0.805,all
hombre,46,3977367,lic_law,0.019,all
hombre,46,3977367,lic_non_law,0.164,all
hombre,46,3977367,no_lic,0.816,all
hombre,47,3855870,lic_law,0.02,all
hombre,47,3855870,lic_non_law,0.167,all
hombre,47,3855870,no_lic,0.813,all
hombre,48,3757891,lic_law,0.023,all
hombre,48,3757891,lic_non_law,0.157,all
hombre,48,3757891,no_lic,0.82,all
hombre,49,3664340,lic_law,0.018,all
hombre,49,3664340,lic_non_law,0.146,all
hombre,49,3664340,no_lic,0.837,all
hombre,50,4077498,lic_law,0.019,all
hombre,50,4077498,lic_non_law,0.148,all
hombre,50,4077498,no_lic,0.832,all
hombre,51,3683723,lic_law,0.018,all
hombre,51,3683723,lic_non_law,0.157,all
hombre,51,3683723,no_lic,0.825,all
hombre,52,3308417,lic_law,0.02,all
hombre,52,3308417,lic_non_law,0.168,all
hombre,52,3308417,no_lic,0.812,all
hombre,53,3360398,lic_law,0.021,all
hombre,53,3360398,lic_non_law,0.15,all
hombre,53,3360398,no_lic,0.83,all
hombre,54,3282316,lic_law,0.018,all
hombre,54,3282316,lic_non_law,0.166,all
hombre,54,3282316,no_lic,0.815,all
hombre,55,3260528,lic_law,0.02,all
hombre,55,3260528,lic_non_law,0.169,all
hombre,55,3260528,no_lic,0.81,all
hombre,56,3077388,lic_law,0.017,all
hombre,56,3077388,lic_non_law,0.171,all
hombre,56,3077388,no_lic,0.812,all
hombre,57,2946151,lic_law,0.013,all
hombre,57,2946151,lic_non_law,0.176,all
hombre,57,2946151,no_lic,0.811,all
hombre,58,2733211,lic_law,0.022,all
hombre,58,2733211,lic_non_law,0.185,all
hombre,58,2733211,no_lic,0.792,all
hombre,59,2626313,lic_law,0.017,all
hombre,59,2626313,lic_non_law,0.18,all
hombre,59,2626313,no_lic,0.803,all
hombre,60,2826899,lic_law,0.024,all
hombre,60,2826899,lic_non_law,0.181,all
hombre,60,2826899,no_lic,0.794,all
hombre,61,2556759,lic_law,0.02,all
hombre,61,2556759,lic_non_law,0.183,all
hombre,61,2556759,no_lic,0.797,all
hombre,62,2298172,lic_law,0.019,all
hombre,62,2298172,lic_non_law,0.184,all
hombre,62,2298172,no_lic,0.797,all
hombre,63,2388798,lic_law,0.015,all
hombre,63,2388798,lic_non_law,0.181,all
hombre,63,2388798,no_lic,0.803,all
hombre,64,2195673,lic_law,0.014,all
hombre,64,2195673,lic_non_law,0.172,all
hombre,64,2195673,no_lic,0.814,all
hombre,65,2234359,lic_law,0.014,all
hombre,65,2234359,lic_non_law,0.163,all
hombre,65,2234359,no_lic,0.822,all
hombre,66,2061634,lic_law,0.017,all
hombre,66,2061634,lic_non_law,0.169,all
hombre,66,2061634,no_lic,0.813,all
hombre,67,1793859,lic_law,0.013,all
hombre,67,1793859,lic_non_law,0.155,all
hombre,67,1793859,no_lic,0.832,all
hombre,68,1763661,lic_law,0.018,all
hombre,68,1763661,lic_non_law,0.155,all
hombre,68,1763661,no_lic,0.827,all
hombre,69,1569103,lic_law,0.014,all
hombre,69,1569103,lic_non_law,0.146,all
hombre,69,1569103,no_lic,0.84,all
hombre,70,1598862,lic_law,0.014,all
hombre,70,1598862,lic_non_law,0.158,all
hombre,70,1598862,no_lic,0.828,all
hombre,71,1392964,lic_law,0.013,all
hombre,71,1392964,lic_non_law,0.137,all
hombre,71,1392964,no_lic,0.85,all
hombre,72,1327241,lic_law,0.015,all
hombre,72,1327241,lic_non_law,0.115,all
hombre,72,1327241,no_lic,0.87,all
hombre,73,1310187,lic_law,0.016,all
hombre,73,1310187,lic_non_law,0.141,all
hombre,73,1310187,no_lic,0.843,all
hombre,74,1136717,lic_law,0.017,all
hombre,74,1136717,lic_non_law,0.112,all
hombre,74,1136717,no_lic,0.871,all
hombre,75,1187026,lic_law,0.021,all
hombre,75,1187026,lic_non_law,0.095,all
hombre,75,1187026,no_lic,0.884,all
hombre,76,1059481,lic_law,0.015,all
hombre,76,1059481,lic_non_law,0.1,all
hombre,76,1059481,no_lic,0.886,all
hombre,77,894397,lic_law,0.016,all
hombre,77,894397,lic_non_law,0.074,all
hombre,77,894397,no_lic,0.91,all
hombre,78,862784,lic_law,0.018,all
hombre,78,862784,lic_non_law,0.089,all
hombre,78,862784,no_lic,0.894,all
hombre,79,811891,lic_law,0.012,all
hombre,79,811891,lic_non_law,0.091,all
hombre,79,811891,no_lic,0.897,all
hombre,80,771820,lic_law,0.012,all
hombre,80,771820,lic_non_law,0.1,all
hombre,80,771820,no_lic,0.888,all
hombre,81,640744,lic_law,0.014,all
hombre,81,640744,lic_non_law,0.087,all
hombre,81,640744,no_lic,0.899,all
hombre,82,522424,lic_law,0.006,all
hombre,82,522424,lic_non_law,0.082,all
hombre,82,522424,no_lic,0.912,all
hombre,83,500143,lic_law,0.006,all
hombre,83,500143,lic_non_law,0.076,all
hombre,83,500143,no_lic,0.918,all
hombre,84,436394,lic_law,0.006,all
hombre,84,436394,lic_non_law,0.07,all
hombre,84,436394,no_lic,0.924,all
hombre,85,404908,lic_law,0.009,all
hombre,85,404908,lic_non_law,0.053,all
hombre,85,404908,no_lic,0.937,all
hombre,86,361387,lic_law,0.007,all
hombre,86,361387,lic_non_law,0.041,all
hombre,86,361387,no_lic,0.953,all
hombre,87,283695,lic_law,0.017,all
hombre,87,283695,lic_non_law,0.034,all
hombre,87,283695,no_lic,0.949,all
hombre,88,236398,lic_law,0.004,all
hombre,88,236398,lic_non_law,0.05,all
hombre,88,236398,no_lic,0.946,all
hombre,89,201448,lic_law,0.001,all
hombre,89,201448,lic_non_law,0.04,all
hombre,89,201448,no_lic,0.959,all
hombre,90,166379,lic_law,0.002,all
hombre,90,166379,lic_non_law,0.021,all
hombre,90,166379,no_lic,0.977,all
hombre,91,113505,lic_law,0,all
hombre,91,113505,lic_non_law,0.041,all
hombre,91,113505,no_lic,0.959,all
hombre,92,104057,lic_law,0.002,all
hombre,92,104057,lic_non_law,0.065,all
hombre,92,104057,no_lic,0.934,all
hombre,93,84105,lic_law,0,all
hombre,93,84105,lic_non_law,0.039,all
hombre,93,84105,no_lic,0.961,all
hombre,94,73905,lic_law,0.002,all
hombre,94,73905,lic_non_law,0.034,all
hombre,94,73905,no_lic,0.965,all
hombre,95,58157,lic_law,0.007,all
hombre,95,58157,lic_non_law,0.052,all
hombre,95,58157,no_lic,0.941,all
hombre,96,46564,lic_law,0.002,all
hombre,96,46564,lic_non_law,0.038,all
hombre,96,46564,no_lic,0.96,all
hombre,97,101247,lic_law,0.009,all
hombre,97,101247,lic_non_law,0.009,all
hombre,97,101247,no_lic,0.983,all
mujer,21,5241115,lic_law,0.027,all
mujer,21,5241115,lic_non_law,0.327,all
mujer,21,5241115,no_lic,0.645,all
mujer,22,5199620,lic_law,0.028,all
mujer,22,5199620,lic_non_law,0.35,all
mujer,22,5199620,no_lic,0.622,all
mujer,23,5199363,lic_law,0.027,all
mujer,23,5199363,lic_non_law,0.343,all
mujer,23,5199363,no_lic,0.631,all
mujer,24,4990176,lic_law,0.026,all
mujer,24,4990176,lic_non_law,0.346,all
mujer,24,4990176,no_lic,0.628,all
mujer,25,5000610,lic_law,0.026,all
mujer,25,5000610,lic_non_law,0.315,all
mujer,25,5000610,no_lic,0.659,all
mujer,26,4968845,lic_law,0.023,all
mujer,26,4968845,lic_non_law,0.329,all
mujer,26,4968845,no_lic,0.648,all
mujer,27,4925226,lic_law,0.026,all
mujer,27,4925226,lic_non_law,0.3,all
mujer,27,4925226,no_lic,0.674,all
mujer,28,4817756,lic_law,0.026,all
mujer,28,4817756,lic_non_law,0.288,all
mujer,28,4817756,no_lic,0.685,all
mujer,29,4580500,lic_law,0.021,all
mujer,29,4580500,lic_non_law,0.28,all
mujer,29,4580500,no_lic,0.698,all
mujer,30,5012552,lic_law,0.021,all
mujer,30,5012552,lic_non_law,0.262,all
mujer,30,5012552,no_lic,0.718,all
mujer,31,4738215,lic_law,0.019,all
mujer,31,4738215,lic_non_law,0.258,all
mujer,31,4738215,no_lic,0.723,all
mujer,32,4595370,lic_law,0.022,all
mujer,32,4595370,lic_non_law,0.248,all
mujer,32,4595370,no_lic,0.73,all
mujer,33,4699116,lic_law,0.024,all
mujer,33,4699116,lic_non_law,0.248,all
mujer,33,4699116,no_lic,0.728,all
mujer,34,4504199,lic_law,0.02,all
mujer,34,4504199,lic_non_law,0.228,all
mujer,34,4504199,no_lic,0.752,all
mujer,35,4708259,lic_law,0.023,all
mujer,35,4708259,lic_non_law,0.23,all
mujer,35,4708259,no_lic,0.747,all
mujer,36,4712782,lic_law,0.02,all
mujer,36,4712782,lic_non_law,0.228,all
mujer,36,4712782,no_lic,0.752,all
mujer,37,4518037,lic_law,0.021,all
mujer,37,4518037,lic_non_law,0.208,all
mujer,37,4518037,no_lic,0.771,all
mujer,38,4434967,lic_law,0.024,all
mujer,38,4434967,lic_non_law,0.204,all
mujer,38,4434967,no_lic,0.773,all
mujer,39,4533051,lic_law,0.021,all
mujer,39,4533051,lic_non_law,0.188,all
mujer,39,4533051,no_lic,0.791,all
mujer,40,5012358,lic_law,0.018,all
mujer,40,5012358,lic_non_law,0.183,all
mujer,40,5012358,no_lic,0.799,all
mujer,41,4715588,lic_law,0.018,all
mujer,41,4715588,lic_non_law,0.175,all
mujer,41,4715588,no_lic,0.807,all
mujer,42,4438221,lic_law,0.018,all
mujer,42,4438221,lic_non_law,0.179,all
mujer,42,4438221,no_lic,0.804,all
mujer,43,4715563,lic_law,0.02,all
mujer,43,4715563,lic_non_law,0.166,all
mujer,43,4715563,no_lic,0.813,all
mujer,44,4333556,lic_law,0.017,all
mujer,44,4333556,lic_non_law,0.161,all
mujer,44,4333556,no_lic,0.822,all
mujer,45,4489494,lic_law,0.016,all
mujer,45,4489494,lic_non_law,0.158,all
mujer,45,4489494,no_lic,0.826,all
mujer,46,4449660,lic_law,0.02,all
mujer,46,4449660,lic_non_law,0.161,all
mujer,46,4449660,no_lic,0.819,all
mujer,47,4329799,lic_law,0.013,all
mujer,47,4329799,lic_non_law,0.152,all
mujer,47,4329799,no_lic,0.835,all
mujer,48,4358917,lic_law,0.017,all
mujer,48,4358917,lic_non_law,0.149,all
mujer,48,4358917,no_lic,0.834,all
mujer,49,4286960,lic_law,0.012,all
mujer,49,4286960,lic_non_law,0.138,all
mujer,49,4286960,no_lic,0.85,all
mujer,50,4635302,lic_law,0.013,all
mujer,50,4635302,lic_non_law,0.13,all
mujer,50,4635302,no_lic,0.857,all
mujer,51,4175830,lic_law,0.009,all
mujer,51,4175830,lic_non_law,0.142,all
mujer,51,4175830,no_lic,0.849,all
mujer,52,3909052,lic_law,0.01,all
mujer,52,3909052,lic_non_law,0.144,all
mujer,52,3909052,no_lic,0.846,all
mujer,53,3878171,lic_law,0.014,all
mujer,53,3878171,lic_non_law,0.135,all
mujer,53,3878171,no_lic,0.85,all
mujer,54,3786358,lic_law,0.009,all
mujer,54,3786358,lic_non_law,0.126,all
mujer,54,3786358,no_lic,0.865,all
mujer,55,3665183,lic_law,0.01,all
mujer,55,3665183,lic_non_law,0.135,all
mujer,55,3665183,no_lic,0.855,all
mujer,56,3624962,lic_law,0.011,all
mujer,56,3624962,lic_non_law,0.141,all
mujer,56,3624962,no_lic,0.848,all
mujer,57,3421497,lic_law,0.005,all
mujer,57,3421497,lic_non_law,0.142,all
mujer,57,3421497,no_lic,0.853,all
mujer,58,3216319,lic_law,0.009,all
mujer,58,3216319,lic_non_law,0.132,all
mujer,58,3216319,no_lic,0.858,all
mujer,59,3157902,lic_law,0.007,all
mujer,59,3157902,lic_non_law,0.136,all
mujer,59,3157902,no_lic,0.858,all
mujer,60,3347551,lic_law,0.007,all
mujer,60,3347551,lic_non_law,0.135,all
mujer,60,3347551,no_lic,0.858,all
mujer,61,3024048,lic_law,0.007,all
mujer,61,3024048,lic_non_law,0.123,all
mujer,61,3024048,no_lic,0.87,all
mujer,62,2777263,lic_law,0.009,all
mujer,62,2777263,lic_non_law,0.115,all
mujer,62,2777263,no_lic,0.877,all
mujer,63,2705148,lic_law,0.007,all
mujer,63,2705148,lic_non_law,0.098,all
mujer,63,2705148,no_lic,0.896,all
mujer,64,2621719,lic_law,0.009,all
mujer,64,2621719,lic_non_law,0.095,all
mujer,64,2621719,no_lic,0.897,all
mujer,65,2693441,lic_law,0.005,all
mujer,65,2693441,lic_non_law,0.084,all
mujer,65,2693441,no_lic,0.911,all
mujer,66,2417047,lic_law,0.003,all
mujer,66,2417047,lic_non_law,0.082,all
mujer,66,2417047,no_lic,0.915,all
mujer,67,2130682,lic_law,0.006,all
mujer,67,2130682,lic_non_law,0.079,all
mujer,67,2130682,no_lic,0.915,all
mujer,68,2093897,lic_law,0.005,all
mujer,68,2093897,lic_non_law,0.064,all
mujer,68,2093897,no_lic,0.931,all
mujer,69,1986900,lic_law,0.006,all
mujer,69,1986900,lic_non_law,0.082,all
mujer,69,1986900,no_lic,0.912,all
mujer,70,1884134,lic_law,0.003,all
mujer,70,1884134,lic_non_law,0.069,all
mujer,70,1884134,no_lic,0.928,all
mujer,71,1757571,lic_law,0.003,all
mujer,71,1757571,lic_non_law,0.059,all
mujer,71,1757571,no_lic,0.938,all
mujer,72,1542932,lic_law,0.002,all
mujer,72,1542932,lic_non_law,0.055,all
mujer,72,1542932,no_lic,0.943,all
mujer,73,1566982,lic_law,0.003,all
mujer,73,1566982,lic_non_law,0.041,all
mujer,73,1566982,no_lic,0.956,all
mujer,74,1415316,lic_law,0.004,all
mujer,74,1415316,lic_non_law,0.053,all
mujer,74,1415316,no_lic,0.943,all
mujer,75,1340852,lic_law,0.001,all
mujer,75,1340852,lic_non_law,0.05,all
mujer,75,1340852,no_lic,0.949,all
mujer,76,1240145,lic_law,0.002,all
mujer,76,1240145,lic_non_law,0.042,all
mujer,76,1240145,no_lic,0.956,all
mujer,77,1071480,lic_law,0.002,all
mujer,77,1071480,lic_non_law,0.037,all
mujer,77,1071480,no_lic,0.961,all
mujer,78,1039182,lic_law,0,all
mujer,78,1039182,lic_non_law,0.025,all
mujer,78,1039182,no_lic,0.974,all
mujer,79,937969,lic_law,0.001,all
mujer,79,937969,lic_non_law,0.028,all
mujer,79,937969,no_lic,0.972,all
mujer,80,988672,lic_law,0,all
mujer,80,988672,lic_non_law,0.031,all
mujer,80,988672,no_lic,0.969,all
mujer,81,789369,lic_law,0,all
mujer,81,789369,lic_non_law,0.03,all
mujer,81,789369,no_lic,0.97,all
mujer,82,697871,lic_law,0,all
mujer,82,697871,lic_non_law,0.027,all
mujer,82,697871,no_lic,0.973,all
mujer,83,611976,lic_law,0,all
mujer,83,611976,lic_non_law,0.013,all
mujer,83,611976,no_lic,0.986,all
mujer,84,617858,lic_law,0,all
mujer,84,617858,lic_non_law,0.015,all
mujer,84,617858,no_lic,0.984,all
mujer,85,548633,lic_law,0,all
mujer,85,548633,lic_non_law,0.013,all
mujer,85,548633,no_lic,0.987,all
mujer,86,489739,lic_law,0,all
mujer,86,489739,lic_non_law,0.014,all
mujer,86,489739,no_lic,0.986,all
mujer,87,444156,lic_law,0,all
mujer,87,444156,lic_non_law,0.013,all
mujer,87,444156,no_lic,0.987,all
mujer,88,347556,lic_law,0,all
mujer,88,347556,lic_non_law,0.013,all
mujer,88,347556,no_lic,0.986,all
mujer,89,325826,lic_law,0,all
mujer,89,325826,lic_non_law,0.02,all
mujer,89,325826,no_lic,0.98,all
mujer,90,291752,lic_law,0,all
mujer,90,291752,lic_non_law,0.011,all
mujer,90,291752,no_lic,0.989,all
mujer,91,203419,lic_law,0.001,all
mujer,91,203419,lic_non_law,0.005,all
mujer,91,203419,no_lic,0.994,all
mujer,92,156002,lic_law,0,all
mujer,92,156002,lic_non_law,0.006,all
mujer,92,156002,no_lic,0.994,all
mujer,93,134046,lic_law,0,all
mujer,93,134046,lic_non_law,0.002,all
mujer,93,134046,no_lic,0.998,all
mujer,94,117223,lic_law,0,all
mujer,94,117223,lic_non_law,0.025,all
mujer,94,117223,no_lic,0.975,all
mujer,95,89738,lic_law,0,all
mujer,95,89738,lic_non_law,0.004,all
mujer,95,89738,no_lic,0.996,all
mujer,96,79506,lic_law,0,all
mujer,96,79506,lic_non_law,0.012,all
mujer,96,79506,no_lic,0.988,all
mujer,97,210034,lic_law,0,all
mujer,97,210034,lic_non_law,0.005,all
mujer,97,210034,no_lic,0.995,all
